homicidios_femeninos.csv,,,,,,Analisis_Temporal,,,,,Estados_Cambio,,,,,,Top_Estados_Verificacion,
entidad,anio,tasa,entidad_etiqueta,fecha,,anio,Tasa_Promedio,Tasa_Total,Tasa_Maxima,,Estado,Tasa_1990-1994,Tasa_2019-2023,Cambio_Absoluto,Cambio_Porcentual,,Estado,Tasa_Promedio_2020-2023
Aguascalientes,1990,0.79,Aguascalientes,1990-01-01,,1990.0,2.04,65.44,9.3,,Colima,2.74,23.4,20.66,750.0,,Colima,23.84
Baja California,1990,3.38,Baja California,1990-01-01,,1991.0,2.29,73.42,9.08,,Guanajuato,1.19,16.44,15.25,1275.1,,Guanajuato,17.23
Baja California Sur,1990,0.0,Baja California Sur,1990-01-01,,1992.0,2.39,76.52,8.87,,Zacatecas,1.5,15.05,13.55,899.9,,Zacatecas,16.57
Campeche,1990,2.54,Campeche,1990-01-01,,1993.0,2.19,69.99,9.0,,Chihuahua,1.95,15.01,13.06,665.4,,Baja California,15.8
Coahuila,1990,0.49,Coahuila,1990-01-01,,1994.0,2.6,83.33,8.17,,Baja California,2.99,15.45,12.47,416.1,,Chihuahua,15.16
Colima,1990,0.9,Colima,1990-01-01,,1995.0,2.81,89.95,6.92,,Morelos,3.51,10.56,7.05,200.5,,Morelos,10.82
Chiapas,1990,1.7,Chiapas,1990-01-01,,1996.0,2.57,82.12,6.66,,Sonora,1.81,8.64,6.83,375.2,,Michoacán,9.44
Chihuahua,1990,1.58,Chihuahua,1990-01-01,,1997.0,2.27,72.49,6.03,,Michoacán,3.27,9.09,5.82,177.3,,Sonora,8.81
Ciudad de México,1990,3.21,Ciudad de México,1990-01-01,,1998.0,2.83,90.7,6.7,,Guerrero,3.23,8.24,5.01,154.7,,Guerrero,7.76
Durango,1990,1.13,Durango,1990-01-01,,1999.0,2.65,84.65,5.64,,Quintana Roo,2.41,7.16,4.74,195.6,,Quintana Roo,6.97
Guanajuato,1990,1.09,Guanajuato,1990-01-01,,2000.0,2.25,72.09,4.79,,Nuevo León,0.71,4.04,3.32,458.8,,,
Guerrero,1990,1.51,Guerrero,1990-01-01,,2001.0,2.35,75.32,5.06,,Jalisco,1.93,5.14,3.21,165.8,,,
Hidalgo,1990,2.75,Hidalgo,1990-01-01,,2002.0,2.14,68.53,4.67,,San Luis Potosí,1.18,4.16,2.98,250.8,,,
Jalisco,1990,1.58,Jalisco,1990-01-01,,2003.0,2.25,71.95,4.98,,Tlaxcala,0.96,3.24,2.28,234.6,,,
México,1990,9.3,Estado de México,1990-01-01,,2004.0,2.09,66.8,4.48,,Tabasco,1.83,3.99,2.16,117.4,,,
Michoacán,1990,2.36,Michoacán,1990-01-01,,2005.0,2.04,65.43,5.22,,Tamaulipas,1.82,3.84,2.02,110.6,,,
Morelos,1990,2.54,Morelos,1990-01-01,,2006.0,2.08,66.58,5.69,,Hidalgo,1.54,3.1,1.56,100.8,,,
Nayarit,1990,2.82,Nayarit,1990-01-01,,2007.0,1.9,60.92,4.55,,Veracruz,1.73,2.82,1.09,62.7,,,
Nuevo León,1990,0.5,Nuevo León,1990-01-01,,2008.0,2.48,79.52,10.82,,Querétaro,1.15,2.13,0.98,84.8,,,
Oaxaca,1990,6.26,Oaxaca,1990-01-01,,2009.0,3.36,107.65,13.33,,Baja California Sur,1.06,1.93,0.87,81.8,,,
Puebla,1990,2.68,Puebla,1990-01-01,,2010.0,4.44,141.94,33.09,,Puebla,2.37,3.23,0.86,36.0,,,
Querétaro,1990,0.72,Querétaro,1990-01-01,,2011.0,4.71,150.8,24.34,,Coahuila,0.91,1.7,0.79,86.7,,,
Quintana Roo,1990,0.4,Quintana Roo,1990-01-01,,2012.0,4.76,152.38,14.42,,Aguascalientes,0.94,1.35,0.41,43.1,,,
San Luis Potosí,1990,0.57,San Luis Potosí,1990-01-01,,2013.0,4.24,135.68,12.44,,Campeche,2.2,2.38,0.18,8.0,,,
Sinaloa,1990,3.02,Sinaloa,1990-01-01,,2014.0,3.81,122.06,9.86,,Nayarit,3.06,3.15,0.08,2.7,,,
Sonora,1990,2.15,Sonora,1990-01-01,,2015.0,3.64,116.45,11.42,,Sinaloa,2.7,2.74,0.04,1.5,,,
Tabasco,1990,1.3,Tabasco,1990-01-01,,2016.0,4.72,150.95,16.89,,Yucatán,0.67,0.69,0.02,2.3,,,
Tamaulipas,1990,1.54,Tamaulipas,1990-01-01,,2017.0,6.26,200.17,21.38,,Ciudad de México,2.63,2.52,-0.11,-4.3,,,
Tlaxcala,1990,1.25,Tlaxcala,1990-01-01,,2018.0,6.19,198.07,26.37,,Durango,2.08,1.82,-0.26,-12.3,,,
Veracruz,1990,1.58,Veracruz,1990-01-01,,2019.0,6.05,193.49,21.65,,Oaxaca,5.72,4.97,-0.76,-13.2,,,
Yucatán,1990,0.98,Yucatán,1990-01-01,,2020.0,6.19,198.17,24.18,,Chiapas,3.07,2.3,-0.77,-24.9,,,
Zacatecas,1990,2.82,Zacatecas,1990-01-01,,2021.0,6.1,195.3,19.74,,México,8.88,4.99,-3.89,-43.8,,,
Aguascalientes,1991,1.78,Aguascalientes,1991-01-01,,2022.0,6.18,197.66,25.53,,,,,,,,,
Baja California,1991,2.24,Baja California,1991-01-01,,2023.0,5.99,191.59,32.94,,,,,,,,,
Baja California Sur,1991,3.03,Baja California Sur,1991-01-01,,,,,,,,,,,,,,
Campeche,1991,2.47,Campeche,1991-01-01,,"<html>
<head><meta charset=""utf-8"" /></head>
<body>
    <div>            <script crossorigin=""anonymous"" src=""https://cdnjs.cloudflare.com/ajax/libs/mathjax/2.7.5/MathJax.js?config=TeX-AMS-MML_SVG""></script><script type=""text/javascript"">if (window.MathJax && window.MathJax.Hub && window.MathJax.Hub.Config) {window.MathJax.Hub.Config({SVG: {font: ""STIX-Web""}});}</script>                <script type=""text/javascript"">window.PlotlyConfig = {MathJaxConfig: 'local'};</script>
        <script charset=""utf-8"" crossorigin=""anonymous"" src=""https://cdn.plot.ly/plotly-3.3.0.min.js"" integrity=""sha256-bO3dS6yCpk9aK4gUpNELtCiDeSYvGYnK7jFI58NQnHI="" crossorigin=""anonymous""></script>                <div id=""1ecd525f-ae46-4897-8e8d-320558b55c6e"" class=""plotly-graph-div"" style=""height:500px; width:800px;""></div>            <script type=""text/javascript"">                window.PLOTLYENV=window.PLOTLYENV || {};                                if (document.getElementById(""1ecd525f-ae46-4897-8e8d-320558b55c6e"")) {                    Plotly.newPlot(                        ""1ecd525f-ae46-4897-8e8d-320558b55c6e"",                        [{""line"":{""color"":""#e74c3c"",""width"":3},""marker"":{""size"":6},""mode"":""lines+markers"",""name"":""Tasa Promedio Nacional"",""x"":[1990.0,1991.0,1992.0,1993.0,1994.0,1995.0,1996.0,1997.0,1998.0,1999.0,2000.0,2001.0,2002.0,2003.0,2004.0,2005.0,2006.0,2007.0,2008.0,2009.0,2010.0,2011.0,2012.0,2013.0,2014.0,2015.0,2016.0,2017.0,2018.0,2019.0,2020.0,2021.0,2022.0,2023.0],""y"":[2.04,2.29,2.39,2.19,2.6,2.81,2.57,2.27,2.83,2.65,2.25,2.35,2.14,2.25,2.09,2.04,2.08,1.9,2.48,3.36,4.44,4.71,4.76,4.24,3.81,3.64,4.72,6.26,6.19,6.05,6.19,6.1,6.18,5.99],""type"":""scatter""},{""fill"":""tonexty"",""fillcolor"":""rgba(231, 76, 60, 0.1)"",""line"":{""color"":""#c0392b"",""dash"":""dot"",""width"":2},""mode"":""lines"",""name"":""Tasa M\u00e1xima Estatal"",""x"":[1990.0,1991.0,1992.0,1993.0,1994.0,1995.0,1996.0,1997.0,1998.0,1999.0,2000.0,2001.0,2002.0,2003.0,2004.0,2005.0,2006.0,2007.0,2008.0,2009.0,2010.0,2011.0,2012.0,2013.0,2014.0,2015.0,2016.0,2017.0,2018.0,2019.0,2020.0,2021.0,2022.0,2023.0],""y"":[9.3,9.08,8.87,9.0,8.17,6.92,6.66,6.03,6.7,5.64,4.79,5.06,4.67,4.98,4.48,5.22,5.69,4.55,10.82,13.33,33.09,24.34,14.42,12.44,9.86,11.42,16.89,21.38,26.37,21.65,24.18,19.74,25.53,32.94],""type"":""scatter""}],                        {""template"":{""data"":{""histogram2dcontour"":[{""type"":""histogram2dcontour"",""colorbar"":{""outlinewidth"":0,""ticks"":""""},""colorscale"":[[0.0,""#0d0887""],[0.1111111111111111,""#46039f""],[0.2222222222222222,""#7201a8""],[0.3333333333333333,""#9c179e""],[0.4444444444444444,""#bd3786""],[0.5555555555555556,""#d8576b""],[0.6666666666666666,""#ed7953""],[0.7777777777777778,""#fb9f3a""],[0.8888888888888888,""#fdca26""],[1.0,""#f0f921""]]}],""choropleth"":[{""type"":""choropleth"",""colorbar"":{""outlinewidth"":0,""ticks"":""""}}],""histogram2d"":[{""type"":""histogram2d"",""colorbar"":{""outlinewidth"":0,""ticks"":""""},""colorscale"":[[0.0,""#0d0887""],[0.1111111111111111,""#46039f""],[0.2222222222222222,""#7201a8""],[0.3333333333333333,""#9c179e""],[0.4444444444444444,""#bd3786""],[0.5555555555555556,""#d8576b""],[0.6666666666666666,""#ed7953""],[0.7777777777777778,""#fb9f3a""],[0.8888888888888888,""#fdca26""],[1.0,""#f0f921""]]}],""heatmap"":[{""type"":""heatmap"",""colorbar"":{""outlinewidth"":0,""ticks"":""""},""colorscale"":[[0.0,""#0d0887""],[0.1111111111111111,""#46039f""],[0.2222222222222222,""#7201a8""],[0.3333333333333333,""#9c179e""],[0.4444444444444444,""#bd3786""],[0.5555555555555556,""#d8576b""],[0.6666666666666666,""#ed7953""],[0.7777777777777778,""#fb9f3a""],[0.8888888888888888,""#fdca26""],[1.0,""#f0f921""]]}],""contourcarpet"":[{""type"":""contourcarpet"",""colorbar"":{""outlinewidth"":0,""ticks"":""""}}],""contour"":[{""type"":""contour"",""colorbar"":{""outlinewidth"":0,""ticks"":""""},""colorscale"":[[0.0,""#0d0887""],[0.1111111111111111,""#46039f""],[0.2222222222222222,""#7201a8""],[0.3333333333333333,""#9c179e""],[0.4444444444444444,""#bd3786""],[0.5555555555555556,""#d8576b""],[0.6666666666666666,""#ed7953""],[0.7777777777777778,""#fb9f3a""],[0.8888888888888888,""#fdca26""],[1.0,""#f0f921""]]}],""surface"":[{""type"":""surface"",""colorbar"":{""outlinewidth"":0,""ticks"":""""},""colorscale"":[[0.0,""#0d0887""],[0.1111111111111111,""#46039f""],[0.2222222222222222,""#7201a8""],[0.3333333333333333,""#9c179e""],[0.4444444444444444,""#bd3786""],[0.5555555555555556,""#d8576b""],[0.6666666666666666,""#ed7953""],[0.7777777777777778,""#fb9f3a""],[0.8888888888888888,""#fdca26""],[1.0,""#f0f921""]]}],""mesh3d"":[{""type"":""mesh3d"",""colorbar"":{""outlinewidth"":0,""ticks"":""""}}],""scatter"":[{""fillpattern"":{""fillmode"":""overlay"",""size"":10,""solidity"":0.2},""type"":""scatter""}],""parcoords"":[{""type"":""parcoords"",""line"":{""colorbar"":{""outlinewidth"":0,""ticks"":""""}}}],""scatterpolargl"":[{""type"":""scatterpolargl"",""marker"":{""colorbar"":{""outlinewidth"":0,""ticks"":""""}}}],""bar"":[{""error_x"":{""color"":""#2a3f5f""},""error_y"":{""color"":""#2a3f5f""},""marker"":{""line"":{""color"":""#E5ECF6"",""width"":0.5},""pattern"":{""fillmode"":""overlay"",""size"":10,""solidity"":0.2}},""type"":""bar""}],""scattergeo"":[{""type"":""scattergeo"",""marker"":{""colorbar"":{""outlinewidth"":0,""ticks"":""""}}}],""scatterpolar"":[{""type"":""scatterpolar"",""marker"":{""colorbar"":{""outlinewidth"":0,""ticks"":""""}}}],""histogram"":[{""marker"":{""pattern"":{""fillmode"":""overlay"",""size"":10,""solidity"":0.2}},""type"":""histogram""}],""scattergl"":[{""type"":""scattergl"",""marker"":{""colorbar"":{""outlinewidth"":0,""ticks"":""""}}}],""scatter3d"":[{""type"":""scatter3d"",""line"":{""colorbar"":{""outlinewidth"":0,""ticks"":""""}},""marker"":{""colorbar"":{""outlinewidth"":0,""ticks"":""""}}}],""scattermap"":[{""type"":""scattermap"",""marker"":{""colorbar"":{""outlinewidth"":0,""ticks"":""""}}}],""scattermapbox"":[{""type"":""scattermapbox"",""marker"":{""colorbar"":{""outlinewidth"":0,""ticks"":""""}}}],""scatterternary"":[{""type"":""scatterternary"",""marker"":{""colorbar"":{""outlinewidth"":0,""ticks"":""""}}}],""scattercarpet"":[{""type"":""scattercarpet"",""marker"":{""colorbar"":{""outlinewidth"":0,""ticks"":""""}}}],""carpet"":[{""aaxis"":{""endlinecolor"":""#2a3f5f"",""gridcolor"":""white"",""linecolor"":""white"",""minorgridcolor"":""white"",""startlinecolor"":""#2a3f5f""},""baxis"":{""endlinecolor"":""#2a3f5f"",""gridcolor"":""white"",""linecolor"":""white"",""minorgridcolor"":""white"",""startlinecolor"":""#2a3f5f""},""type"":""carpet""}],""table"":[{""cells"":{""fill"":{""color"":""#EBF0F8""},""line"":{""color"":""white""}},""header"":{""fill"":{""color"":""#C8D4E3""},""line"":{""color"":""white""}},""type"":""table""}],""barpolar"":[{""marker"":{""line"":{""color"":""#E5ECF6"",""width"":0.5},""pattern"":{""fillmode"":""overlay"",""size"":10,""solidity"":0.2}},""type"":""barpolar""}],""pie"":[{""automargin"":true,""type"":""pie""}]},""layout"":{""autotypenumbers"":""strict"",""colorway"":[""#636efa"",""#EF553B"",""#00cc96"",""#ab63fa"",""#FFA15A"",""#19d3f3"",""#FF6692"",""#B6E880"",""#FF97FF"",""#FECB52""],""font"":{""color"":""#2a3f5f""},""hovermode"":""closest"",""hoverlabel"":{""align"":""left""},""paper_bgcolor"":""white"",""plot_bgcolor"":""#E5ECF6"",""polar"":{""bgcolor"":""#E5ECF6"",""angularaxis"":{""gridcolor"":""white"",""linecolor"":""white"",""ticks"":""""},""radialaxis"":{""gridcolor"":""white"",""linecolor"":""white"",""ticks"":""""}},""ternary"":{""bgcolor"":""#E5ECF6"",""aaxis"":{""gridcolor"":""white"",""linecolor"":""white"",""ticks"":""""},""baxis"":{""gridcolor"":""white"",""linecolor"":""white"",""ticks"":""""},""caxis"":{""gridcolor"":""white"",""linecolor"":""white"",""ticks"":""""}},""coloraxis"":{""colorbar"":{""outlinewidth"":0,""ticks"":""""}},""colorscale"":{""sequential"":[[0.0,""#0d0887""],[0.1111111111111111,""#46039f""],[0.2222222222222222,""#7201a8""],[0.3333333333333333,""#9c179e""],[0.4444444444444444,""#bd3786""],[0.5555555555555556,""#d8576b""],[0.6666666666666666,""#ed7953""],[0.7777777777777778,""#fb9f3a""],[0.8888888888888888,""#fdca26""],[1.0,""#f0f921""]],""sequentialminus"":[[0.0,""#0d0887""],[0.1111111111111111,""#46039f""],[0.2222222222222222,""#7201a8""],[0.3333333333333333,""#9c179e""],[0.4444444444444444,""#bd3786""],[0.5555555555555556,""#d8576b""],[0.6666666666666666,""#ed7953""],[0.7777777777777778,""#fb9f3a""],[0.8888888888888888,""#fdca26""],[1.0,""#f0f921""]],""diverging"":[[0,""#8e0152""],[0.1,""#c51b7d""],[0.2,""#de77ae""],[0.3,""#f1b6da""],[0.4,""#fde0ef""],[0.5,""#f7f7f7""],[0.6,""#e6f5d0""],[0.7,""#b8e186""],[0.8,""#7fbc41""],[0.9,""#4d9221""],[1,""#276419""]]},""xaxis"":{""gridcolor"":""white"",""linecolor"":""white"",""ticks"":"""",""title"":{""standoff"":15},""zerolinecolor"":""white"",""automargin"":true,""zerolinewidth"":2},""yaxis"":{""gridcolor"":""white"",""linecolor"":""white"",""ticks"":"""",""title"":{""standoff"":15},""zerolinecolor"":""white"",""automargin"":true,""zerolinewidth"":2},""scene"":{""xaxis"":{""backgroundcolor"":""#E5ECF6"",""gridcolor"":""white"",""linecolor"":""white"",""showbackground"":true,""ticks"":"""",""zerolinecolor"":""white"",""gridwidth"":2},""yaxis"":{""backgroundcolor"":""#E5ECF6"",""gridcolor"":""white"",""linecolor"":""white"",""showbackground"":true,""ticks"":"""",""zerolinecolor"":""white"",""gridwidth"":2},""zaxis"":{""backgroundcolor"":""#E5ECF6"",""gridcolor"":""white"",""linecolor"":""white"",""showbackground"":true,""ticks"":"""",""zerolinecolor"":""white"",""gridwidth"":2}},""shapedefaults"":{""line"":{""color"":""#2a3f5f""}},""annotationdefaults"":{""arrowcolor"":""#2a3f5f"",""arrowhead"":0,""arrowwidth"":1},""geo"":{""bgcolor"":""white"",""landcolor"":""#E5ECF6"",""subunitcolor"":""white"",""showland"":true,""showlakes"":true,""lakecolor"":""white""},""title"":{""x"":0.05},""mapbox"":{""style"":""light""}}},""legend"":{""x"":0.02,""y"":0.98},""title"":{""text"":""Evoluci\u00f3n de la Tasa de Feminicidios en M\u00e9xico (1990-2023)""},""xaxis"":{""title"":{""text"":""A\u00f1o""},""showgrid"":true,""gridwidth"":1,""gridcolor"":""#ecf0f1""},""yaxis"":{""title"":{""text"":""Tasa por 100,000 mujeres""},""showgrid"":true,""gridwidth"":1,""gridcolor"":""#ecf0f1""},""hovermode"":""x unified"",""plot_bgcolor"":""white"",""height"":500,""width"":800,""showlegend"":true},                        {""displaylogo"": false, ""responsive"": true}                    )                };            </script>        </div>
</body>
</html>",,,,,,,,,,,,
Coahuila,1991,0.67,Coahuila,1991-01-01,,,,,,,,,,,,,,
Colima,1991,3.97,Colima,1991-01-01,,,,,,,,,,,,,,
Chiapas,1991,3.68,Chiapas,1991-01-01,,,,,,,,,,,,,,
Chihuahua,1991,1.62,Chihuahua,1991-01-01,,,,,,,,,,,,,,
Ciudad de México,1991,2.25,Ciudad de México,1991-01-01,,,,,,,,,,,,,,
Durango,1991,2.8,Durango,1991-01-01,,,,,,,,,,,,,,
Guanajuato,1991,0.79,Guanajuato,1991-01-01,,,,,,,,,,,,,,
Guerrero,1991,1.98,Guerrero,1991-01-01,,,,,,,,,,,,,,
Hidalgo,1991,1.5,Hidalgo,1991-01-01,,,,,,,,,,,,,,
Jalisco,1991,2.17,Jalisco,1991-01-01,,,,,,,,,,,,,,
México,1991,9.08,Estado de México,1991-01-01,,,,,,,,,,,,,,
Michoacán,1991,3.57,Michoacán,1991-01-01,,,,,,,,,,,,,,
Morelos,1991,3.08,Morelos,1991-01-01,,,,,,,,,,,,,,
Nayarit,1991,2.55,Nayarit,1991-01-01,,,,,,,,,,,,,,
Nuevo León,1991,0.61,Nuevo León,1991-01-01,,,,,,,,,,,,,,
Oaxaca,1991,5.14,Oaxaca,1991-01-01,,,,,,,,,,,,,,
Puebla,1991,2.05,Puebla,1991-01-01,,,,,,,,,,,,,,
Querétaro,1991,1.22,Querétaro,1991-01-01,,,,,,,,,,,,,,
Quintana Roo,1991,1.51,Quintana Roo,1991-01-01,,,,,,,,,,,,,,
San Luis Potosí,1991,1.13,San Luis Potosí,1991-01-01,,,,,,,,,,,,,,
Sinaloa,1991,2.18,Sinaloa,1991-01-01,,,,,,,,,,,,,,
Sonora,1991,1.89,Sonora,1991-01-01,,,,,,,,,,,,,,
Tabasco,1991,2.52,Tabasco,1991-01-01,,,,,,,,,,,,,,
Tamaulipas,1991,1.93,Tamaulipas,1991-01-01,,,,,,,,,,,,,,
Tlaxcala,1991,0.97,Tlaxcala,1991-01-01,,"<html>
<head><meta charset=""utf-8"" /></head>
<body>
    <div>            <script crossorigin=""anonymous"" src=""https://cdnjs.cloudflare.com/ajax/libs/mathjax/2.7.5/MathJax.js?config=TeX-AMS-MML_SVG""></script><script type=""text/javascript"">if (window.MathJax && window.MathJax.Hub && window.MathJax.Hub.Config) {window.MathJax.Hub.Config({SVG: {font: ""STIX-Web""}});}</script>                <script type=""text/javascript"">window.PlotlyConfig = {MathJaxConfig: 'local'};</script>
        <script charset=""utf-8"" crossorigin=""anonymous"" src=""https://cdn.plot.ly/plotly-3.3.0.min.js"" integrity=""sha256-bO3dS6yCpk9aK4gUpNELtCiDeSYvGYnK7jFI58NQnHI="" crossorigin=""anonymous""></script>                <div id=""1a33682b-b030-4eb7-a4cd-580de4b6520d"" class=""plotly-graph-div"" style=""height:600px; width:800px;""></div>            <script type=""text/javascript"">                window.PLOTLYENV=window.PLOTLYENV || {};                                if (document.getElementById(""1a33682b-b030-4eb7-a4cd-580de4b6520d"")) {                    Plotly.newPlot(                        ""1a33682b-b030-4eb7-a4cd-580de4b6520d"",                        [{""marker"":{""color"":{""dtype"":""f8"",""bdata"":""ZmZmZmbWN0CamZmZmTkxQOF6FK5HkTBAuB6F61GYL0AUrkfhelQuQML1KFyPoiVApHA9CtfjIkAAAAAAAKAhQArXo3A9Ch9AH4XrUbjeG0D2KFyPwrUTQNejcD0KlxNASOF6FK6HEkAAAAAAAIARQArXo3A9yhBA""},""colorbar"":{""title"":{""text"":""Tasa""}},""colorscale"":[[0.0,""rgb(255,245,240)""],[0.125,""rgb(254,224,210)""],[0.25,""rgb(252,187,161)""],[0.375,""rgb(252,146,114)""],[0.5,""rgb(251,106,74)""],[0.625,""rgb(239,59,44)""],[0.75,""rgb(203,24,29)""],[0.875,""rgb(165,15,21)""],[1.0,""rgb(103,0,13)""]],""showscale"":true},""orientation"":""h"",""text"":{""dtype"":""f8"",""bdata"":""16NwPQrXN0B7FK5H4ToxQFK4HoXrkTBAmpmZmZmZL0BSuB6F61EuQKRwPQrXoyVA4XoUrkfhIkAfhetRuJ4hQArXo3A9Ch9A4XoUrkfhG0C4HoXrUbgTQJqZmZmZmRNAhetRuB6FEkCF61G4HoURQM3MzMzMzBBA""},""textposition"":""outside"",""x"":{""dtype"":""f8"",""bdata"":""ZmZmZmbWN0CamZmZmTkxQOF6FK5HkTBAuB6F61GYL0AUrkfhelQuQML1KFyPoiVApHA9CtfjIkAAAAAAAKAhQArXo3A9Ch9AH4XrUbjeG0D2KFyPwrUTQNejcD0KlxNASOF6FK6HEkAAAAAAAIARQArXo3A9yhBA""},""y"":[""Colima"",""Guanajuato"",""Zacatecas"",""Baja California"",""Chihuahua"",""Morelos"",""Michoac\u00e1n"",""Sonora"",""Guerrero"",""Quintana Roo"",""M\u00e9xico"",""Jalisco"",""Oaxaca"",""San Luis Potos\u00ed"",""Nuevo Le\u00f3n""],""type"":""bar""}],                        {""template"":{""data"":{""histogram2dcontour"":[{""type"":""histogram2dcontour"",""colorbar"":{""outlinewidth"":0,""ticks"":""""},""colorscale"":[[0.0,""#0d0887""],[0.1111111111111111,""#46039f""],[0.2222222222222222,""#7201a8""],[0.3333333333333333,""#9c179e""],[0.4444444444444444,""#bd3786""],[0.5555555555555556,""#d8576b""],[0.6666666666666666,""#ed7953""],[0.7777777777777778,""#fb9f3a""],[0.8888888888888888,""#fdca26""],[1.0,""#f0f921""]]}],""choropleth"":[{""type"":""choropleth"",""colorbar"":{""outlinewidth"":0,""ticks"":""""}}],""histogram2d"":[{""type"":""histogram2d"",""colorbar"":{""outlinewidth"":0,""ticks"":""""},""colorscale"":[[0.0,""#0d0887""],[0.1111111111111111,""#46039f""],[0.2222222222222222,""#7201a8""],[0.3333333333333333,""#9c179e""],[0.4444444444444444,""#bd3786""],[0.5555555555555556,""#d8576b""],[0.6666666666666666,""#ed7953""],[0.7777777777777778,""#fb9f3a""],[0.8888888888888888,""#fdca26""],[1.0,""#f0f921""]]}],""heatmap"":[{""type"":""heatmap"",""colorbar"":{""outlinewidth"":0,""ticks"":""""},""colorscale"":[[0.0,""#0d0887""],[0.1111111111111111,""#46039f""],[0.2222222222222222,""#7201a8""],[0.3333333333333333,""#9c179e""],[0.4444444444444444,""#bd3786""],[0.5555555555555556,""#d8576b""],[0.6666666666666666,""#ed7953""],[0.7777777777777778,""#fb9f3a""],[0.8888888888888888,""#fdca26""],[1.0,""#f0f921""]]}],""contourcarpet"":[{""type"":""contourcarpet"",""colorbar"":{""outlinewidth"":0,""ticks"":""""}}],""contour"":[{""type"":""contour"",""colorbar"":{""outlinewidth"":0,""ticks"":""""},""colorscale"":[[0.0,""#0d0887""],[0.1111111111111111,""#46039f""],[0.2222222222222222,""#7201a8""],[0.3333333333333333,""#9c179e""],[0.4444444444444444,""#bd3786""],[0.5555555555555556,""#d8576b""],[0.6666666666666666,""#ed7953""],[0.7777777777777778,""#fb9f3a""],[0.8888888888888888,""#fdca26""],[1.0,""#f0f921""]]}],""surface"":[{""type"":""surface"",""colorbar"":{""outlinewidth"":0,""ticks"":""""},""colorscale"":[[0.0,""#0d0887""],[0.1111111111111111,""#46039f""],[0.2222222222222222,""#7201a8""],[0.3333333333333333,""#9c179e""],[0.4444444444444444,""#bd3786""],[0.5555555555555556,""#d8576b""],[0.6666666666666666,""#ed7953""],[0.7777777777777778,""#fb9f3a""],[0.8888888888888888,""#fdca26""],[1.0,""#f0f921""]]}],""mesh3d"":[{""type"":""mesh3d"",""colorbar"":{""outlinewidth"":0,""ticks"":""""}}],""scatter"":[{""fillpattern"":{""fillmode"":""overlay"",""size"":10,""solidity"":0.2},""type"":""scatter""}],""parcoords"":[{""type"":""parcoords"",""line"":{""colorbar"":{""outlinewidth"":0,""ticks"":""""}}}],""scatterpolargl"":[{""type"":""scatterpolargl"",""marker"":{""colorbar"":{""outlinewidth"":0,""ticks"":""""}}}],""bar"":[{""error_x"":{""color"":""#2a3f5f""},""error_y"":{""color"":""#2a3f5f""},""marker"":{""line"":{""color"":""#E5ECF6"",""width"":0.5},""pattern"":{""fillmode"":""overlay"",""size"":10,""solidity"":0.2}},""type"":""bar""}],""scattergeo"":[{""type"":""scattergeo"",""marker"":{""colorbar"":{""outlinewidth"":0,""ticks"":""""}}}],""scatterpolar"":[{""type"":""scatterpolar"",""marker"":{""colorbar"":{""outlinewidth"":0,""ticks"":""""}}}],""histogram"":[{""marker"":{""pattern"":{""fillmode"":""overlay"",""size"":10,""solidity"":0.2}},""type"":""histogram""}],""scattergl"":[{""type"":""scattergl"",""marker"":{""colorbar"":{""outlinewidth"":0,""ticks"":""""}}}],""scatter3d"":[{""type"":""scatter3d"",""line"":{""colorbar"":{""outlinewidth"":0,""ticks"":""""}},""marker"":{""colorbar"":{""outlinewidth"":0,""ticks"":""""}}}],""scattermap"":[{""type"":""scattermap"",""marker"":{""colorbar"":{""outlinewidth"":0,""ticks"":""""}}}],""scattermapbox"":[{""type"":""scattermapbox"",""marker"":{""colorbar"":{""outlinewidth"":0,""ticks"":""""}}}],""scatterternary"":[{""type"":""scatterternary"",""marker"":{""colorbar"":{""outlinewidth"":0,""ticks"":""""}}}],""scattercarpet"":[{""type"":""scattercarpet"",""marker"":{""colorbar"":{""outlinewidth"":0,""ticks"":""""}}}],""carpet"":[{""aaxis"":{""endlinecolor"":""#2a3f5f"",""gridcolor"":""white"",""linecolor"":""white"",""minorgridcolor"":""white"",""startlinecolor"":""#2a3f5f""},""baxis"":{""endlinecolor"":""#2a3f5f"",""gridcolor"":""white"",""linecolor"":""white"",""minorgridcolor"":""white"",""startlinecolor"":""#2a3f5f""},""type"":""carpet""}],""table"":[{""cells"":{""fill"":{""color"":""#EBF0F8""},""line"":{""color"":""white""}},""header"":{""fill"":{""color"":""#C8D4E3""},""line"":{""color"":""white""}},""type"":""table""}],""barpolar"":[{""marker"":{""line"":{""color"":""#E5ECF6"",""width"":0.5},""pattern"":{""fillmode"":""overlay"",""size"":10,""solidity"":0.2}},""type"":""barpolar""}],""pie"":[{""automargin"":true,""type"":""pie""}]},""layout"":{""autotypenumbers"":""strict"",""colorway"":[""#636efa"",""#EF553B"",""#00cc96"",""#ab63fa"",""#FFA15A"",""#19d3f3"",""#FF6692"",""#B6E880"",""#FF97FF"",""#FECB52""],""font"":{""color"":""#2a3f5f""},""hovermode"":""closest"",""hoverlabel"":{""align"":""left""},""paper_bgcolor"":""white"",""plot_bgcolor"":""#E5ECF6"",""polar"":{""bgcolor"":""#E5ECF6"",""angularaxis"":{""gridcolor"":""white"",""linecolor"":""white"",""ticks"":""""},""radialaxis"":{""gridcolor"":""white"",""linecolor"":""white"",""ticks"":""""}},""ternary"":{""bgcolor"":""#E5ECF6"",""aaxis"":{""gridcolor"":""white"",""linecolor"":""white"",""ticks"":""""},""baxis"":{""gridcolor"":""white"",""linecolor"":""white"",""ticks"":""""},""caxis"":{""gridcolor"":""white"",""linecolor"":""white"",""ticks"":""""}},""coloraxis"":{""colorbar"":{""outlinewidth"":0,""ticks"":""""}},""colorscale"":{""sequential"":[[0.0,""#0d0887""],[0.1111111111111111,""#46039f""],[0.2222222222222222,""#7201a8""],[0.3333333333333333,""#9c179e""],[0.4444444444444444,""#bd3786""],[0.5555555555555556,""#d8576b""],[0.6666666666666666,""#ed7953""],[0.7777777777777778,""#fb9f3a""],[0.8888888888888888,""#fdca26""],[1.0,""#f0f921""]],""sequentialminus"":[[0.0,""#0d0887""],[0.1111111111111111,""#46039f""],[0.2222222222222222,""#7201a8""],[0.3333333333333333,""#9c179e""],[0.4444444444444444,""#bd3786""],[0.5555555555555556,""#d8576b""],[0.6666666666666666,""#ed7953""],[0.7777777777777778,""#fb9f3a""],[0.8888888888888888,""#fdca26""],[1.0,""#f0f921""]],""diverging"":[[0,""#8e0152""],[0.1,""#c51b7d""],[0.2,""#de77ae""],[0.3,""#f1b6da""],[0.4,""#fde0ef""],[0.5,""#f7f7f7""],[0.6,""#e6f5d0""],[0.7,""#b8e186""],[0.8,""#7fbc41""],[0.9,""#4d9221""],[1,""#276419""]]},""xaxis"":{""gridcolor"":""white"",""linecolor"":""white"",""ticks"":"""",""title"":{""standoff"":15},""zerolinecolor"":""white"",""automargin"":true,""zerolinewidth"":2},""yaxis"":{""gridcolor"":""white"",""linecolor"":""white"",""ticks"":"""",""title"":{""standoff"":15},""zerolinecolor"":""white"",""automargin"":true,""zerolinewidth"":2},""scene"":{""xaxis"":{""backgroundcolor"":""#E5ECF6"",""gridcolor"":""white"",""linecolor"":""white"",""showbackground"":true,""ticks"":"""",""zerolinecolor"":""white"",""gridwidth"":2},""yaxis"":{""backgroundcolor"":""#E5ECF6"",""gridcolor"":""white"",""linecolor"":""white"",""showbackground"":true,""ticks"":"""",""zerolinecolor"":""white"",""gridwidth"":2},""zaxis"":{""backgroundcolor"":""#E5ECF6"",""gridcolor"":""white"",""linecolor"":""white"",""showbackground"":true,""ticks"":"""",""zerolinecolor"":""white"",""gridwidth"":2}},""shapedefaults"":{""line"":{""color"":""#2a3f5f""}},""annotationdefaults"":{""arrowcolor"":""#2a3f5f"",""arrowhead"":0,""arrowwidth"":1},""geo"":{""bgcolor"":""white"",""landcolor"":""#E5ECF6"",""subunitcolor"":""white"",""showland"":true,""showlakes"":true,""lakecolor"":""white""},""title"":{""x"":0.05},""mapbox"":{""style"":""light""}}},""yaxis"":{""title"":{""text"":""""},""autorange"":""reversed""},""title"":{""text"":""Estados con Mayor Tasa de Feminicidios (Promedio 2020-2023)""},""xaxis"":{""title"":{""text"":""Tasa por 100,000 mujeres""},""showgrid"":true,""gridwidth"":1,""gridcolor"":""#ecf0f1""},""height"":600,""width"":800,""plot_bgcolor"":""white""},                        {""displaylogo"": false, ""responsive"": true}                    )                };            </script>        </div>
</body>
</html>",,,,,,,,,,,,
Veracruz,1991,1.89,Veracruz,1991-01-01,,,,,,,,,,,,,,
Yucatán,1991,0.27,Yucatán,1991-01-01,,,,,,,,,,,,,,
Zacatecas,1991,0.88,Zacatecas,1991-01-01,,,,,,,,,,,,,,
Aguascalientes,1992,0.49,Aguascalientes,1992-01-01,,,,,,,,,,,,,,
Baja California,1992,3.44,Baja California,1992-01-01,,,,,,,,,,,,,,
Baja California Sur,1992,0.0,Baja California Sur,1992-01-01,,,,,,,,,,,,,,
Campeche,1992,2.73,Campeche,1992-01-01,,,,,,,,,,,,,,
Coahuila,1992,1.33,Coahuila,1992-01-01,,,,,,,,,,,,,,
Colima,1992,3.02,Colima,1992-01-01,,,,,,,,,,,,,,
Chiapas,1992,3.21,Chiapas,1992-01-01,,,,,,,,,,,,,,
Chihuahua,1992,2.04,Chihuahua,1992-01-01,,,,,,,,,,,,,,
Ciudad de México,1992,2.69,Ciudad de México,1992-01-01,,,,,,,,,,,,,,
Durango,1992,1.94,Durango,1992-01-01,,,,,,,,,,,,,,
Guanajuato,1992,1.1,Guanajuato,1992-01-01,,,,,,,,,,,,,,
Guerrero,1992,3.07,Guerrero,1992-01-01,,,,,,,,,,,,,,
Hidalgo,1992,1.27,Hidalgo,1992-01-01,,,,,,,,,,,,,,
Jalisco,1992,2.23,Jalisco,1992-01-01,,,,,,,,,,,,,,
México,1992,8.87,Estado de México,1992-01-01,,,,,,,,,,,,,,
Michoacán,1992,2.81,Michoacán,1992-01-01,,,,,,,,,,,,,,
Morelos,1992,3.27,Morelos,1992-01-01,,,,,,,,,,,,,,
Nayarit,1992,3.66,Nayarit,1992-01-01,,,,,,,,,,,,,,
Nuevo León,1992,0.96,Nuevo León,1992-01-01,,,,,,,,,,,,,,
Oaxaca,1992,6.01,Oaxaca,1992-01-01,,,,,,,,,,,,,,
Puebla,1992,2.23,Puebla,1992-01-01,,,,,,,,,,,,,,
Querétaro,1992,1.7,Querétaro,1992-01-01,,,,,,,,,,,,,,
Quintana Roo,1992,3.18,Quintana Roo,1992-01-01,,,,,,,,,,,,,,
San Luis Potosí,1992,1.2,San Luis Potosí,1992-01-01,,,,,,,,,,,,,,
Sinaloa,1992,3.01,Sinaloa,1992-01-01,,,,,,,,,,,,,,
Sonora,1992,2.15,Sonora,1992-01-01,,,,,,,,,,,,,,
Tabasco,1992,1.35,Tabasco,1992-01-01,,,,,,,,,,,,,,
Tamaulipas,1992,1.56,Tamaulipas,1992-01-01,,,,,,,,,,,,,,
Tlaxcala,1992,1.42,Tlaxcala,1992-01-01,,,,,,,,,,,,,,
Veracruz,1992,2.02,Veracruz,1992-01-01,,,,,,,,,,,,,,
Yucatán,1992,0.81,Yucatán,1992-01-01,,,,,,,,,,,,,,
Zacatecas,1992,1.75,Zacatecas,1992-01-01,,,,,,,,,,,,,,
Aguascalientes,1993,0.72,Aguascalientes,1993-01-01,,,,,,,,,,,,,,
Baja California,1993,2.89,Baja California,1993-01-01,,,,,,,,,,,,,,
Baja California Sur,1993,1.14,Baja California Sur,1993-01-01,,,,,,,,,,,,,,
Campeche,1993,1.66,Campeche,1993-01-01,,,,,,,,,,,,,,
Coahuila,1993,0.84,Coahuila,1993-01-01,,,,,,,,,,,,,,
Colima,1993,2.53,Colima,1993-01-01,,,,,,,,,,,,,,
Chiapas,1993,2.81,Chiapas,1993-01-01,,,,,,,,,,,,,,
Chihuahua,1993,1.77,Chihuahua,1993-01-01,,,,,,,,,,,,,,
Ciudad de México,1993,2.44,Ciudad de México,1993-01-01,,,,,,,,,,,,,,
Durango,1993,1.79,Durango,1993-01-01,,,,,,,,,,,,,,
Guanajuato,1993,1.53,Guanajuato,1993-01-01,,,,,,,,,,,,,,
Guerrero,1993,2.54,Guerrero,1993-01-01,,,,,,,,,,,,,,
Hidalgo,1993,0.86,Hidalgo,1993-01-01,,,,,,,,,,,,,,
Jalisco,1993,1.76,Jalisco,1993-01-01,,,,,,,,,,,,,,
México,1993,9.0,Estado de México,1993-01-01,,,,,,,,,,,,,,
Michoacán,1993,3.83,Michoacán,1993-01-01,,,,,,,,,,,,,,
Morelos,1993,4.75,Morelos,1993-01-01,,,,,,,,,,,,,,
Nayarit,1993,2.94,Nayarit,1993-01-01,,,,,,,,,,,,,,
Nuevo León,1993,0.7,Nuevo León,1993-01-01,,,,,,,,,,,,,,
Oaxaca,1993,5.9,Oaxaca,1993-01-01,,,,,,,,,,,,,,
Puebla,1993,3.09,Puebla,1993-01-01,,,,,,,,,,,,,,
Querétaro,1993,0.83,Querétaro,1993-01-01,,,,,,,,,,,,,,
Quintana Roo,1993,1.99,Quintana Roo,1993-01-01,,,,,,,,,,,,,,
San Luis Potosí,1993,1.82,San Luis Potosí,1993-01-01,,,,,,,,,,,,,,
Sinaloa,1993,2.2,Sinaloa,1993-01-01,,,,,,,,,,,,,,
Sonora,1993,1.1,Sonora,1993-01-01,,,,,,,,,,,,,,
Tabasco,1993,1.43,Tabasco,1993-01-01,,,,,,,,,,,,,,
Tamaulipas,1993,1.05,Tamaulipas,1993-01-01,,,,,,,,,,,,,,
Tlaxcala,1993,0.93,Tlaxcala,1993-01-01,,,,,,,,,,,,,,
Veracruz,1993,1.63,Veracruz,1993-01-01,,,,,,,,,,,,,,
Yucatán,1993,0.79,Yucatán,1993-01-01,,,,,,,,,,,,,,
Zacatecas,1993,0.73,Zacatecas,1993-01-01,,,,,,,,,,,,,,
Aguascalientes,1994,0.93,Aguascalientes,1994-01-01,,,,,,,,,,,,,,
Baja California,1994,2.98,Baja California,1994-01-01,,,,,,,,,,,,,,
Baja California Sur,1994,1.11,Baja California Sur,1994-01-01,,,,,,,,,,,,,,
Campeche,1994,1.61,Campeche,1994-01-01,,,,,,,,,,,,,,
Coahuila,1994,1.2,Coahuila,1994-01-01,,,,,,,,,,,,,,
Colima,1994,3.3,Colima,1994-01-01,,,,,,,,,,,,,,
Chiapas,1994,3.94,Chiapas,1994-01-01,,,,,,,,,,,,,,
Chihuahua,1994,2.75,Chihuahua,1994-01-01,,,,,,,,,,,,,,
Ciudad de México,1994,2.56,Ciudad de México,1994-01-01,,,,,,,,,,,,,,
Durango,1994,2.74,Durango,1994-01-01,,,,,,,,,,,,,,
Guanajuato,1994,1.42,Guanajuato,1994-01-01,,,,,,,,,,,,,,
Guerrero,1994,7.04,Guerrero,1994-01-01,,,,,,,,,,,,,,
Hidalgo,1994,1.32,Hidalgo,1994-01-01,,,,,,,,,,,,,,
Jalisco,1994,1.89,Jalisco,1994-01-01,,,,,,,,,,,,,,
México,1994,8.17,Estado de México,1994-01-01,,,,,,,,,,,,,,
Michoacán,1994,3.79,Michoacán,1994-01-01,,,,,,,,,,,,,,
Morelos,1994,3.9,Morelos,1994-01-01,,,,,,,,,,,,,,
Nayarit,1994,3.35,Nayarit,1994-01-01,,,,,,,,,,,,,,
Nuevo León,1994,0.8,Nuevo León,1994-01-01,,,,,,,,,,,,,,
Oaxaca,1994,5.3,Oaxaca,1994-01-01,,,,,,,,,,,,,,
Puebla,1994,1.81,Puebla,1994-01-01,,,,,,,,,,,,,,
Querétaro,1994,1.28,Querétaro,1994-01-01,,,,,,,,,,,,,,
Quintana Roo,1994,4.99,Quintana Roo,1994-01-01,,,,,,,,,,,,,,
San Luis Potosí,1994,1.17,San Luis Potosí,1994-01-01,,,,,,,,,,,,,,
Sinaloa,1994,3.08,Sinaloa,1994-01-01,,,,,,,,,,,,,,
Sonora,1994,1.76,Sonora,1994-01-01,,,,,,,,,,,,,,
Tabasco,1994,2.56,Tabasco,1994-01-01,,,,,,,,,,,,,,
Tamaulipas,1994,3.01,Tamaulipas,1994-01-01,,,,,,,,,,,,,,
Tlaxcala,1994,0.23,Tlaxcala,1994-01-01,,,,,,,,,,,,,,
Veracruz,1994,1.52,Veracruz,1994-01-01,,,,,,,,,,,,,,
Yucatán,1994,0.52,Yucatán,1994-01-01,,,,,,,,,,,,,,
Zacatecas,1994,1.3,Zacatecas,1994-01-01,,,,,,,,,,,,,,
Aguascalientes,1995,1.13,Aguascalientes,1995-01-01,,,,,,,,,,,,,,
Baja California,1995,2.78,Baja California,1995-01-01,,,,,,,,,,,,,,
Baja California Sur,1995,4.32,Baja California Sur,1995-01-01,,,,,,,,,,,,,,
Campeche,1995,3.13,Campeche,1995-01-01,,,,,,,,,,,,,,
Coahuila,1995,1.27,Coahuila,1995-01-01,,,,,,,,,,,,,,
Colima,1995,2.42,Colima,1995-01-01,,,,,,,,,,,,,,
Chiapas,1995,3.93,Chiapas,1995-01-01,,,,,,,,,,,,,,
Chihuahua,1995,5.74,Chihuahua,1995-01-01,,,,,,,,,,,,,,
Ciudad de México,1995,2.45,Ciudad de México,1995-01-01,,,,,,,,,,,,,,
Durango,1995,1.9,Durango,1995-01-01,,,,,,,,,,,,,,
Guanajuato,1995,1.31,Guanajuato,1995-01-01,,,,,,,,,,,,,,
Guerrero,1995,5.13,Guerrero,1995-01-01,,,,,,,,,,,,,,
Hidalgo,1995,1.94,Hidalgo,1995-01-01,,,,,,,,,,,,,,
Jalisco,1995,2.21,Jalisco,1995-01-01,,,,,,,,,,,,,,
México,1995,6.92,Estado de México,1995-01-01,,,,,,,,,,,,,,
Michoacán,1995,4.04,Michoacán,1995-01-01,,,,,,,,,,,,,,
Morelos,1995,4.46,Morelos,1995-01-01,,,,,,,,,,,,,,
Nayarit,1995,4.41,Nayarit,1995-01-01,,,,,,,,,,,,,,
Nuevo León,1995,0.73,Nuevo León,1995-01-01,,,,,,,,,,,,,,
Oaxaca,1995,6.39,Oaxaca,1995-01-01,,,,,,,,,,,,,,
Puebla,1995,2.94,Puebla,1995-01-01,,,,,,,,,,,,,,
Querétaro,1995,0.94,Querétaro,1995-01-01,,,,,,,,,,,,,,
Quintana Roo,1995,2.65,Quintana Roo,1995-01-01,,,,,,,,,,,,,,
San Luis Potosí,1995,1.86,San Luis Potosí,1995-01-01,,,,,,,,,,,,,,
Sinaloa,1995,2.13,Sinaloa,1995-01-01,,,,,,,,,,,,,,
Sonora,1995,1.72,Sonora,1995-01-01,,,,,,,,,,,,,,
Tabasco,1995,2.72,Tabasco,1995-01-01,,,,,,,,,,,,,,
Tamaulipas,1995,2.57,Tamaulipas,1995-01-01,,,,,,,,,,,,,,
Tlaxcala,1995,1.76,Tlaxcala,1995-01-01,,,,,,,,,,,,,,
Veracruz,1995,1.71,Veracruz,1995-01-01,,,,,,,,,,,,,,
Yucatán,1995,0.76,Yucatán,1995-01-01,,,,,,,,,,,,,,
Zacatecas,1995,1.58,Zacatecas,1995-01-01,,,,,,,,,,,,,,
Aguascalientes,1996,0.88,Aguascalientes,1996-01-01,,,,,,,,,,,,,,
Baja California,1996,3.7,Baja California,1996-01-01,,,,,,,,,,,,,,
Baja California Sur,1996,1.58,Baja California Sur,1996-01-01,,,,,,,,,,,,,,
Campeche,1996,2.45,Campeche,1996-01-01,,,,,,,,,,,,,,
Coahuila,1996,1.07,Coahuila,1996-01-01,,,,,,,,,,,,,,
Colima,1996,1.97,Colima,1996-01-01,,,,,,,,,,,,,,
Chiapas,1996,3.58,Chiapas,1996-01-01,,,,,,,,,,,,,,
Chihuahua,1996,5.49,Chihuahua,1996-01-01,,,,,,,,,,,,,,
Ciudad de México,1996,2.48,Ciudad de México,1996-01-01,,,,,,,,,,,,,,
Durango,1996,0.68,Durango,1996-01-01,,,,,,,,,,,,,,
Guanajuato,1996,1.16,Guanajuato,1996-01-01,,,,,,,,,,,,,,
Guerrero,1996,5.32,Guerrero,1996-01-01,,,,,,,,,,,,,,
Hidalgo,1996,1.09,Hidalgo,1996-01-01,,,,,,,,,,,,,,
Jalisco,1996,2.25,Jalisco,1996-01-01,,,,,,,,,,,,,,
México,1996,6.66,Estado de México,1996-01-01,,,,,,,,,,,,,,
Michoacán,1996,5.61,Michoacán,1996-01-01,,,,,,,,,,,,,,
Morelos,1996,4.75,Morelos,1996-01-01,,,,,,,,,,,,,,
Nayarit,1996,3.06,Nayarit,1996-01-01,,,,,,,,,,,,,,
Nuevo León,1996,0.71,Nuevo León,1996-01-01,,,,,,,,,,,,,,
Oaxaca,1996,6.07,Oaxaca,1996-01-01,,,,,,,,,,,,,,
Puebla,1996,2.31,Puebla,1996-01-01,,,,,,,,,,,,,,
Querétaro,1996,2.28,Querétaro,1996-01-01,,,,,,,,,,,,,,
Quintana Roo,1996,1.67,Quintana Roo,1996-01-01,,,,,,,,,,,,,,
San Luis Potosí,1996,1.66,San Luis Potosí,1996-01-01,,,,,,,,,,,,,,
Sinaloa,1996,1.7,Sinaloa,1996-01-01,,,,,,,,,,,,,,
Sonora,1996,2.26,Sonora,1996-01-01,,,,,,,,,,,,,,
Tabasco,1996,1.66,Tabasco,1996-01-01,,,,,,,,,,,,,,
Tamaulipas,1996,1.99,Tamaulipas,1996-01-01,,,,,,,,,,,,,,
Tlaxcala,1996,2.37,Tlaxcala,1996-01-01,,,,,,,,,,,,,,
Veracruz,1996,1.32,Veracruz,1996-01-01,,,,,,,,,,,,,,
Yucatán,1996,0.62,Yucatán,1996-01-01,,,,,,,,,,,,,,
Zacatecas,1996,1.72,Zacatecas,1996-01-01,,,,,,,,,,,,,,
Aguascalientes,1997,0.65,Aguascalientes,1997-01-01,,,,,,,,,,,,,,
Baja California,1997,2.41,Baja California,1997-01-01,,,,,,,,,,,,,,
Baja California Sur,1997,0.51,Baja California Sur,1997-01-01,,,,,,,,,,,,,,
Campeche,1997,2.4,Campeche,1997-01-01,,,,,,,,,,,,,,
Coahuila,1997,1.5,Coahuila,1997-01-01,,,,,,,,,,,,,,
Colima,1997,1.55,Colima,1997-01-01,,,,,,,,,,,,,,
Chiapas,1997,3.67,Chiapas,1997-01-01,,,,,,,,,,,,,,
Chihuahua,1997,4.71,Chihuahua,1997-01-01,,,,,,,,,,,,,,
Ciudad de México,1997,2.59,Ciudad de México,1997-01-01,,,,,,,,,,,,,,
Durango,1997,2.16,Durango,1997-01-01,,,,,,,,,,,,,,
Guanajuato,1997,0.8,Guanajuato,1997-01-01,,,,,,,,,,,,,,
Guerrero,1997,5.18,Guerrero,1997-01-01,,,,,,,,,,,,,,
Hidalgo,1997,1.69,Hidalgo,1997-01-01,,,,,,,,,,,,,,
Jalisco,1997,1.72,Jalisco,1997-01-01,,,,,,,,,,,,,,
México,1997,6.03,Estado de México,1997-01-01,,,,,,,,,,,,,,
Michoacán,1997,3.0,Michoacán,1997-01-01,,,,,,,,,,,,,,
Morelos,1997,2.72,Morelos,1997-01-01,,,,,,,,,,,,,,
Nayarit,1997,1.52,Nayarit,1997-01-01,,,,,,,,,,,,,,
Nuevo León,1997,1.08,Nuevo León,1997-01-01,,,,,,,,,,,,,,
Oaxaca,1997,4.93,Oaxaca,1997-01-01,,,,,,,,,,,,,,
Puebla,1997,1.86,Puebla,1997-01-01,,,,,,,,,,,,,,
Querétaro,1997,2.51,Querétaro,1997-01-01,,,,,,,,,,,,,,
Quintana Roo,1997,3.18,Quintana Roo,1997-01-01,,,,,,,,,,,,,,
San Luis Potosí,1997,0.78,San Luis Potosí,1997-01-01,,,,,,,,,,,,,,
Sinaloa,1997,2.08,Sinaloa,1997-01-01,,,,,,,,,,,,,,
Sonora,1997,1.86,Sonora,1997-01-01,,,,,,,,,,,,,,
Tabasco,1997,2.17,Tabasco,1997-01-01,,,,,,,,,,,,,,
Tamaulipas,1997,1.42,Tamaulipas,1997-01-01,,,,,,,,,,,,,,
Tlaxcala,1997,1.9,Tlaxcala,1997-01-01,,,,,,,,,,,,,,
Veracruz,1997,1.91,Veracruz,1997-01-01,,,,,,,,,,,,,,
Yucatán,1997,0.86,Yucatán,1997-01-01,,,,,,,,,,,,,,
Zacatecas,1997,1.14,Zacatecas,1997-01-01,,,,,,,,,,,,,,
Aguascalientes,1998,2.53,Aguascalientes,1998-01-01,,,,,,,,,,,,,,
Baja California,1998,5.19,Baja California,1998-01-01,,,,,,,,,,,,,,
Baja California Sur,1998,2.0,Baja California Sur,1998-01-01,,,,,,,,,,,,,,
Campeche,1998,2.36,Campeche,1998-01-01,,,,,,,,,,,,,,
Coahuila,1998,1.75,Coahuila,1998-01-01,,,,,,,,,,,,,,
Colima,1998,5.3,Colima,1998-01-01,,,,,,,,,,,,,,
Chiapas,1998,5.36,Chiapas,1998-01-01,,,,,,,,,,,,,,
Chihuahua,1998,4.63,Chihuahua,1998-01-01,,,,,,,,,,,,,,
Ciudad de México,1998,3.34,Ciudad de México,1998-01-01,,,,,,,,,,,,,,
Durango,1998,2.96,Durango,1998-01-01,,,,,,,,,,,,,,
Guanajuato,1998,1.34,Guanajuato,1998-01-01,,,,,,,,,,,,,,
Guerrero,1998,6.7,Guerrero,1998-01-01,,,,,,,,,,,,,,
Hidalgo,1998,2.28,Hidalgo,1998-01-01,,,,,,,,,,,,,,
Jalisco,1998,2.04,Jalisco,1998-01-01,,,,,,,,,,,,,,
México,1998,5.43,Estado de México,1998-01-01,,,,,,,,,,,,,,
Michoacán,1998,2.7,Michoacán,1998-01-01,,,,,,,,,,,,,,
Morelos,1998,2.93,Morelos,1998-01-01,,,,,,,,,,,,,,
Nayarit,1998,1.3,Nayarit,1998-01-01,,,,,,,,,,,,,,
Nuevo León,1998,0.85,Nuevo León,1998-01-01,,,,,,,,,,,,,,
Oaxaca,1998,4.5,Oaxaca,1998-01-01,,,,,,,,,,,,,,
Puebla,1998,2.99,Puebla,1998-01-01,,,,,,,,,,,,,,
Querétaro,1998,0.43,Querétaro,1998-01-01,,,,,,,,,,,,,,
Quintana Roo,1998,3.28,Quintana Roo,1998-01-01,,,,,,,,,,,,,,
San Luis Potosí,1998,2.31,San Luis Potosí,1998-01-01,,,,,,,,,,,,,,
Sinaloa,1998,2.69,Sinaloa,1998-01-01,,,,,,,,,,,,,,
Sonora,1998,2.29,Sonora,1998-01-01,,,,,,,,,,,,,,
Tabasco,1998,1.92,Tabasco,1998-01-01,,,,,,,,,,,,,,
Tamaulipas,1998,2.5,Tamaulipas,1998-01-01,,,,,,,,,,,,,,
Tlaxcala,1998,2.68,Tlaxcala,1998-01-01,,,,,,,,,,,,,,
Veracruz,1998,1.33,Veracruz,1998-01-01,,,,,,,,,,,,,,
Yucatán,1998,1.09,Yucatán,1998-01-01,,,,,,,,,,,,,,
Zacatecas,1998,1.7,Zacatecas,1998-01-01,,,,,,,,,,,,,,
Aguascalientes,1999,0.0,Aguascalientes,1999-01-01,,,,,,,,,,,,,,
Baja California,1999,4.36,Baja California,1999-01-01,,,,,,,,,,,,,,
Baja California Sur,1999,2.43,Baja California Sur,1999-01-01,,,,,,,,,,,,,,
Campeche,1999,1.75,Campeche,1999-01-01,,,,,,,,,,,,,,
Coahuila,1999,1.64,Coahuila,1999-01-01,,,,,,,,,,,,,,
Colima,1999,3.71,Colima,1999-01-01,,,,,,,,,,,,,,
Chiapas,1999,3.67,Chiapas,1999-01-01,,,,,,,,,,,,,,
Chihuahua,1999,3.56,Chihuahua,1999-01-01,,,,,,,,,,,,,,
Ciudad de México,1999,2.82,Ciudad de México,1999-01-01,,,,,,,,,,,,,,
Durango,1999,1.88,Durango,1999-01-01,,,,,,,,,,,,,,
Guanajuato,1999,1.69,Guanajuato,1999-01-01,,,,,,,,,,,,,,
Guerrero,1999,5.54,Guerrero,1999-01-01,,,,,,,,,,,,,,
Hidalgo,1999,1.99,Hidalgo,1999-01-01,,,,,,,,,,,,,,
Jalisco,1999,1.96,Jalisco,1999-01-01,,,,,,,,,,,,,,
México,1999,4.66,Estado de México,1999-01-01,,,,,,,,,,,,,,
Michoacán,1999,1.72,Michoacán,1999-01-01,,,,,,,,,,,,,,
Morelos,1999,5.64,Morelos,1999-01-01,,,,,,,,,,,,,,
Nayarit,1999,2.15,Nayarit,1999-01-01,,,,,,,,,,,,,,
Nuevo León,1999,0.84,Nuevo León,1999-01-01,,,,,,,,,,,,,,
Oaxaca,1999,4.43,Oaxaca,1999-01-01,,,,,,,,,,,,,,
Puebla,1999,2.32,Puebla,1999-01-01,,,,,,,,,,,,,,
Querétaro,1999,1.95,Querétaro,1999-01-01,,,,,,,,,,,,,,
Quintana Roo,1999,3.36,Quintana Roo,1999-01-01,,,,,,,,,,,,,,
San Luis Potosí,1999,2.7,San Luis Potosí,1999-01-01,,,,,,,,,,,,,,
Sinaloa,1999,3.06,Sinaloa,1999-01-01,,,,,,,,,,,,,,
Sonora,1999,2.54,Sonora,1999-01-01,,,,,,,,,,,,,,
Tabasco,1999,1.99,Tabasco,1999-01-01,,,,,,,,,,,,,,
Tamaulipas,1999,3.18,Tamaulipas,1999-01-01,,,,,,,,,,,,,,
Tlaxcala,1999,3.24,Tlaxcala,1999-01-01,,,,,,,,,,,,,,
Veracruz,1999,1.43,Veracruz,1999-01-01,,,,,,,,,,,,,,
Yucatán,1999,1.31,Yucatán,1999-01-01,,,,,,,,,,,,,,
Zacatecas,1999,1.13,Zacatecas,1999-01-01,,,,,,,,,,,,,,
Aguascalientes,2000,0.81,Aguascalientes,2000-01-01,,,,,,,,,,,,,,
Baja California,2000,2.44,Baja California,2000-01-01,,,,,,,,,,,,,,
Baja California Sur,2000,2.36,Baja California Sur,2000-01-01,,,,,,,,,,,,,,
Campeche,2000,1.43,Campeche,2000-01-01,,,,,,,,,,,,,,
Coahuila,2000,1.45,Coahuila,2000-01-01,,,,,,,,,,,,,,
Colima,2000,3.65,Colima,2000-01-01,,,,,,,,,,,,,,
Chiapas,2000,2.6,Chiapas,2000-01-01,,,,,,,,,,,,,,
Chihuahua,2000,3.83,Chihuahua,2000-01-01,,,,,,,,,,,,,,
Ciudad de México,2000,2.55,Ciudad de México,2000-01-01,,,,,,,,,,,,,,
Durango,2000,1.34,Durango,2000-01-01,,,,,,,,,,,,,,
Guanajuato,2000,1.54,Guanajuato,2000-01-01,,,,,,,,,,,,,,
Guerrero,2000,4.79,Guerrero,2000-01-01,,,,,,,,,,,,,,
Hidalgo,2000,1.88,Hidalgo,2000-01-01,,,,,,,,,,,,,,
Jalisco,2000,1.76,Jalisco,2000-01-01,,,,,,,,,,,,,,
México,2000,4.76,Estado de México,2000-01-01,,,,,,,,,,,,,,
Michoacán,2000,2.38,Michoacán,2000-01-01,,,,,,,,,,,,,,
Morelos,2000,2.72,Morelos,2000-01-01,,,,,,,,,,,,,,
Nayarit,2000,1.07,Nayarit,2000-01-01,,,,,,,,,,,,,,
Nuevo León,2000,1.44,Nuevo León,2000-01-01,,,,,,,,,,,,,,
Oaxaca,2000,4.15,Oaxaca,2000-01-01,,,,,,,,,,,,,,
Puebla,2000,1.87,Puebla,2000-01-01,,,,,,,,,,,,,,
Querétaro,2000,2.44,Querétaro,2000-01-01,,,,,,,,,,,,,,
Quintana Roo,2000,1.6,Quintana Roo,2000-01-01,,,,,,,,,,,,,,
San Luis Potosí,2000,2.93,San Luis Potosí,2000-01-01,,,,,,,,,,,,,,
Sinaloa,2000,2.18,Sinaloa,2000-01-01,,,,,,,,,,,,,,
Sonora,2000,1.16,Sonora,2000-01-01,,,,,,,,,,,,,,
Tabasco,2000,1.03,Tabasco,2000-01-01,,,,,,,,,,,,,,
Tamaulipas,2000,3.48,Tamaulipas,2000-01-01,,,,,,,,,,,,,,
Tlaxcala,2000,3.17,Tlaxcala,2000-01-01,,,,,,,,,,,,,,
Veracruz,2000,1.45,Veracruz,2000-01-01,,,,,,,,,,,,,,
Yucatán,2000,1.41,Yucatán,2000-01-01,,,,,,,,,,,,,,
Zacatecas,2000,0.42,Zacatecas,2000-01-01,,,,,,,,,,,,,,
Aguascalientes,2001,0.59,Aguascalientes,2001-01-01,,,,,,,,,,,,,,
Baja California,2001,3.48,Baja California,2001-01-01,,,,,,,,,,,,,,
Baja California Sur,2001,2.73,Baja California Sur,2001-01-01,,,,,,,,,,,,,,
Campeche,2001,1.4,Campeche,2001-01-01,,,,,,,,,,,,,,
Coahuila,2001,2.76,Coahuila,2001-01-01,,,,,,,,,,,,,,
Colima,2001,3.24,Colima,2001-01-01,,,,,,,,,,,,,,
Chiapas,2001,0.88,Chiapas,2001-01-01,,,,,,,,,,,,,,
Chihuahua,2001,5.06,Chihuahua,2001-01-01,,,,,,,,,,,,,,
Ciudad de México,2001,2.4,Ciudad de México,2001-01-01,,,,,,,,,,,,,,
Durango,2001,1.98,Durango,2001-01-01,,,,,,,,,,,,,,
Guanajuato,2001,1.64,Guanajuato,2001-01-01,,,,,,,,,,,,,,
Guerrero,2001,3.77,Guerrero,2001-01-01,,,,,,,,,,,,,,
Hidalgo,2001,1.68,Hidalgo,2001-01-01,,,,,,,,,,,,,,
Jalisco,2001,1.55,Jalisco,2001-01-01,,,,,,,,,,,,,,
México,2001,4.84,Estado de México,2001-01-01,,,,,,,,,,,,,,
Michoacán,2001,3.51,Michoacán,2001-01-01,,,,,,,,,,,,,,
Morelos,2001,3.67,Morelos,2001-01-01,,,,,,,,,,,,,,
Nayarit,2001,3.8,Nayarit,2001-01-01,,,,,,,,,,,,,,
Nuevo León,2001,0.5,Nuevo León,2001-01-01,,,,,,,,,,,,,,
Oaxaca,2001,3.39,Oaxaca,2001-01-01,,,,,,,,,,,,,,
Puebla,2001,2.5,Puebla,2001-01-01,,,,,,,,,,,,,,
Querétaro,2001,2.24,Querétaro,2001-01-01,,,,,,,,,,,,,,
Quintana Roo,2001,3.94,Quintana Roo,2001-01-01,,,,,,,,,,,,,,
San Luis Potosí,2001,2.39,San Luis Potosí,2001-01-01,,,,,,,,,,,,,,
Sinaloa,2001,2.01,Sinaloa,2001-01-01,,,,,,,,,,,,,,
Sonora,2001,1.84,Sonora,2001-01-01,,,,,,,,,,,,,,
Tabasco,2001,0.81,Tabasco,2001-01-01,,,,,,,,,,,,,,
Tamaulipas,2001,1.81,Tamaulipas,2001-01-01,,,,,,,,,,,,,,
Tlaxcala,2001,2.13,Tlaxcala,2001-01-01,,,,,,,,,,,,,,
Veracruz,2001,1.43,Veracruz,2001-01-01,,,,,,,,,,,,,,
Yucatán,2001,0.23,Yucatán,2001-01-01,,,,,,,,,,,,,,
Zacatecas,2001,1.12,Zacatecas,2001-01-01,,,,,,,,,,,,,,
Aguascalientes,2002,1.15,Aguascalientes,2002-01-01,,,,,,,,,,,,,,
Baja California,2002,2.61,Baja California,2002-01-01,,,,,,,,,,,,,,
Baja California Sur,2002,1.32,Baja California Sur,2002-01-01,,,,,,,,,,,,,,
Campeche,2002,0.82,Campeche,2002-01-01,,,,,,,,,,,,,,
Coahuila,2002,1.4,Coahuila,2002-01-01,,,,,,,,,,,,,,
Colima,2002,1.78,Colima,2002-01-01,,,,,,,,,,,,,,
Chiapas,2002,3.82,Chiapas,2002-01-01,,,,,,,,,,,,,,
Chihuahua,2002,4.67,Chihuahua,2002-01-01,,,,,,,,,,,,,,
Ciudad de México,2002,2.36,Ciudad de México,2002-01-01,,,,,,,,,,,,,,
Durango,2002,2.61,Durango,2002-01-01,,,,,,,,,,,,,,
Guanajuato,2002,1.35,Guanajuato,2002-01-01,,,,,,,,,,,,,,
Guerrero,2002,3.19,Guerrero,2002-01-01,,,,,,,,,,,,,,
Hidalgo,2002,0.67,Hidalgo,2002-01-01,,,,,,,,,,,,,,
Jalisco,2002,2.0,Jalisco,2002-01-01,,,,,,,,,,,,,,
México,2002,4.4,Estado de México,2002-01-01,,,,,,,,,,,,,,
Michoacán,2002,2.98,Michoacán,2002-01-01,,,,,,,,,,,,,,
Morelos,2002,1.45,Morelos,2002-01-01,,,,,,,,,,,,,,
Nayarit,2002,3.76,Nayarit,2002-01-01,,,,,,,,,,,,,,
Nuevo León,2002,0.89,Nuevo León,2002-01-01,,,,,,,,,,,,,,
Oaxaca,2002,3.42,Oaxaca,2002-01-01,,,,,,,,,,,,,,
Puebla,2002,2.65,Puebla,2002-01-01,,,,,,,,,,,,,,
Querétaro,2002,1.29,Querétaro,2002-01-01,,,,,,,,,,,,,,
Quintana Roo,2002,2.92,Quintana Roo,2002-01-01,,,,,,,,,,,,,,
San Luis Potosí,2002,1.14,San Luis Potosí,2002-01-01,,,,,,,,,,,,,,
Sinaloa,2002,2.07,Sinaloa,2002-01-01,,,,,,,,,,,,,,
Sonora,2002,2.5,Sonora,2002-01-01,,,,,,,,,,,,,,
Tabasco,2002,1.2,Tabasco,2002-01-01,,,,,,,,,,,,,,
Tamaulipas,2002,1.02,Tamaulipas,2002-01-01,,,,,,,,,,,,,,
Tlaxcala,2002,2.65,Tlaxcala,2002-01-01,,,,,,,,,,,,,,
Veracruz,2002,1.39,Veracruz,2002-01-01,,,,,,,,,,,,,,
Yucatán,2002,0.68,Yucatán,2002-01-01,,,,,,,,,,,,,,
Zacatecas,2002,2.37,Zacatecas,2002-01-01,,,,,,,,,,,,,,
Aguascalientes,2003,1.12,Aguascalientes,2003-01-01,,,,,,,,,,,,,,
Baja California,2003,3.65,Baja California,2003-01-01,,,,,,,,,,,,,,
Baja California Sur,2003,2.11,Baja California Sur,2003-01-01,,,,,,,,,,,,,,
Campeche,2003,2.14,Campeche,2003-01-01,,,,,,,,,,,,,,
Coahuila,2003,1.86,Coahuila,2003-01-01,,,,,,,,,,,,,,
Colima,2003,2.46,Colima,2003-01-01,,,,,,,,,,,,,,
Chiapas,2003,3.08,Chiapas,2003-01-01,,,,,,,,,,,,,,
Chihuahua,2003,3.92,Chihuahua,2003-01-01,,,,,,,,,,,,,,
Ciudad de México,2003,3.0,Ciudad de México,2003-01-01,,,,,,,,,,,,,,
Durango,2003,2.45,Durango,2003-01-01,,,,,,,,,,,,,,
Guanajuato,2003,1.21,Guanajuato,2003-01-01,,,,,,,,,,,,,,
Guerrero,2003,4.01,Guerrero,2003-01-01,,,,,,,,,,,,,,
Hidalgo,2003,0.82,Hidalgo,2003-01-01,,,,,,,,,,,,,,
Jalisco,2003,1.51,Jalisco,2003-01-01,,,,,,,,,,,,,,
México,2003,4.44,Estado de México,2003-01-01,,,,,,,,,,,,,,
Michoacán,2003,2.92,Michoacán,2003-01-01,,,,,,,,,,,,,,
Morelos,2003,1.44,Morelos,2003-01-01,,,,,,,,,,,,,,
Nayarit,2003,1.45,Nayarit,2003-01-01,,,,,,,,,,,,,,
Nuevo León,2003,1.16,Nuevo León,2003-01-01,,,,,,,,,,,,,,
Oaxaca,2003,3.76,Oaxaca,2003-01-01,,,,,,,,,,,,,,
Puebla,2003,2.07,Puebla,2003-01-01,,,,,,,,,,,,,,
Querétaro,2003,1.13,Querétaro,2003-01-01,,,,,,,,,,,,,,
Quintana Roo,2003,4.98,Quintana Roo,2003-01-01,,,,,,,,,,,,,,
San Luis Potosí,2003,1.37,San Luis Potosí,2003-01-01,,,,,,,,,,,,,,
Sinaloa,2003,1.82,Sinaloa,2003-01-01,,,,,,,,,,,,,,
Sonora,2003,1.87,Sonora,2003-01-01,,,,,,,,,,,,,,
Tabasco,2003,1.78,Tabasco,2003-01-01,,,,,,,,,,,,,,
Tamaulipas,2003,2.21,Tamaulipas,2003-01-01,,,,,,,,,,,,,,
Tlaxcala,2003,1.67,Tlaxcala,2003-01-01,,,,,,,,,,,,,,
Veracruz,2003,1.35,Veracruz,2003-01-01,,,,,,,,,,,,,,
Yucatán,2003,1.66,Yucatán,2003-01-01,,,,,,,,,,,,,,
Zacatecas,2003,1.53,Zacatecas,2003-01-01,,,,,,,,,,,,,,
Aguascalientes,2004,1.1,Aguascalientes,2004-01-01,,,,,,,,,,,,,,
Baja California,2004,2.83,Baja California,2004-01-01,,,,,,,,,,,,,,
Baja California Sur,2004,2.04,Baja California Sur,2004-01-01,,,,,,,,,,,,,,
Campeche,2004,1.05,Campeche,2004-01-01,,,,,,,,,,,,,,
Coahuila,2004,2.22,Coahuila,2004-01-01,,,,,,,,,,,,,,
Colima,2004,2.08,Colima,2004-01-01,,,,,,,,,,,,,,
Chiapas,2004,1.09,Chiapas,2004-01-01,,,,,,,,,,,,,,
Chihuahua,2004,3.0,Chihuahua,2004-01-01,,,,,,,,,,,,,,
Ciudad de México,2004,2.96,Ciudad de México,2004-01-01,,,,,,,,,,,,,,
Durango,2004,2.42,Durango,2004-01-01,,,,,,,,,,,,,,
Guanajuato,2004,0.89,Guanajuato,2004-01-01,,,,,,,,,,,,,,
Guerrero,2004,3.44,Guerrero,2004-01-01,,,,,,,,,,,,,,
Hidalgo,2004,0.49,Hidalgo,2004-01-01,,,,,,,,,,,,,,
Jalisco,2004,1.52,Jalisco,2004-01-01,,,,,,,,,,,,,,
México,2004,4.01,Estado de México,2004-01-01,,,,,,,,,,,,,,
Michoacán,2004,2.73,Michoacán,2004-01-01,,,,,,,,,,,,,,
Morelos,2004,1.9,Morelos,2004-01-01,,,,,,,,,,,,,,
Nayarit,2004,3.89,Nayarit,2004-01-01,,,,,,,,,,,,,,
Nuevo León,2004,1.28,Nuevo León,2004-01-01,,,,,,,,,,,,,,
Oaxaca,2004,4.48,Oaxaca,2004-01-01,,,,,,,,,,,,,,
Puebla,2004,1.94,Puebla,2004-01-01,,,,,,,,,,,,,,
Querétaro,2004,1.46,Querétaro,2004-01-01,,,,,,,,,,,,,,
Quintana Roo,2004,4.38,Quintana Roo,2004-01-01,,,,,,,,,,,,,,
San Luis Potosí,2004,0.79,San Luis Potosí,2004-01-01,,,,,,,,,,,,,,
Sinaloa,2004,1.58,Sinaloa,2004-01-01,,,,,,,,,,,,,,
Sonora,2004,2.25,Sonora,2004-01-01,,,,,,,,,,,,,,
Tabasco,2004,1.56,Tabasco,2004-01-01,,,,,,,,,,,,,,
Tamaulipas,2004,2.03,Tamaulipas,2004-01-01,,,,,,,,,,,,,,
Tlaxcala,2004,2.35,Tlaxcala,2004-01-01,,,,,,,,,,,,,,
Veracruz,2004,1.15,Veracruz,2004-01-01,,,,,,,,,,,,,,
Yucatán,2004,0.65,Yucatán,2004-01-01,,,,,,,,,,,,,,
Zacatecas,2004,1.24,Zacatecas,2004-01-01,,,,,,,,,,,,,,
Aguascalientes,2005,1.25,Aguascalientes,2005-01-01,,,,,,,,,,,,,,
Baja California,2005,2.68,Baja California,2005-01-01,,,,,,,,,,,,,,
Baja California Sur,2005,1.18,Baja California Sur,2005-01-01,,,,,,,,,,,,,,
Campeche,2005,1.03,Campeche,2005-01-01,,,,,,,,,,,,,,
Coahuila,2005,1.79,Coahuila,2005-01-01,,,,,,,,,,,,,,
Colima,2005,3.41,Colima,2005-01-01,,,,,,,,,,,,,,
Chiapas,2005,1.34,Chiapas,2005-01-01,,,,,,,,,,,,,,
Chihuahua,2005,3.69,Chihuahua,2005-01-01,,,,,,,,,,,,,,
Ciudad de México,2005,2.75,Ciudad de México,2005-01-01,,,,,,,,,,,,,,
Durango,2005,2.14,Durango,2005-01-01,,,,,,,,,,,,,,
Guanajuato,2005,1.33,Guanajuato,2005-01-01,,,,,,,,,,,,,,
Guerrero,2005,3.54,Guerrero,2005-01-01,,,,,,,,,,,,,,
Hidalgo,2005,0.72,Hidalgo,2005-01-01,,,,,,,,,,,,,,
Jalisco,2005,1.1,Jalisco,2005-01-01,,,,,,,,,,,,,,
México,2005,5.22,Estado de México,2005-01-01,,,,,,,,,,,,,,
Michoacán,2005,2.39,Michoacán,2005-01-01,,,,,,,,,,,,,,
Morelos,2005,2.34,Morelos,2005-01-01,,,,,,,,,,,,,,
Nayarit,2005,2.43,Nayarit,2005-01-01,,,,,,,,,,,,,,
Nuevo León,2005,0.88,Nuevo León,2005-01-01,,,,,,,,,,,,,,
Oaxaca,2005,3.8,Oaxaca,2005-01-01,,,,,,,,,,,,,,
Puebla,2005,1.98,Puebla,2005-01-01,,,,,,,,,,,,,,
Querétaro,2005,1.19,Querétaro,2005-01-01,,,,,,,,,,,,,,
Quintana Roo,2005,2.74,Quintana Roo,2005-01-01,,,,,,,,,,,,,,
San Luis Potosí,2005,0.71,San Luis Potosí,2005-01-01,,,,,,,,,,,,,,
Sinaloa,2005,1.86,Sinaloa,2005-01-01,,,,,,,,,,,,,,
Sonora,2005,2.05,Sonora,2005-01-01,,,,,,,,,,,,,,
Tabasco,2005,0.96,Tabasco,2005-01-01,,,,,,,,,,,,,,
Tamaulipas,2005,2.83,Tamaulipas,2005-01-01,,,,,,,,,,,,,,
Tlaxcala,2005,2.13,Tlaxcala,2005-01-01,,,,,,,,,,,,,,
Veracruz,2005,1.35,Veracruz,2005-01-01,,,,,,,,,,,,,,
Yucatán,2005,0.43,Yucatán,2005-01-01,,,,,,,,,,,,,,
Zacatecas,2005,2.19,Zacatecas,2005-01-01,,,,,,,,,,,,,,
Aguascalientes,2006,1.22,Aguascalientes,2006-01-01,,,,,,,,,,,,,,
Baja California,2006,2.41,Baja California,2006-01-01,,,,,,,,,,,,,,
Baja California Sur,2006,1.88,Baja California Sur,2006-01-01,,,,,,,,,,,,,,
Campeche,2006,1.01,Campeche,2006-01-01,,,,,,,,,,,,,,
Coahuila,2006,1.22,Coahuila,2006-01-01,,,,,,,,,,,,,,
Colima,2006,1.33,Colima,2006-01-01,,,,,,,,,,,,,,
Chiapas,2006,3.48,Chiapas,2006-01-01,,,,,,,,,,,,,,
Chihuahua,2006,3.52,Chihuahua,2006-01-01,,,,,,,,,,,,,,
Ciudad de México,2006,2.27,Ciudad de México,2006-01-01,,,,,,,,,,,,,,
Durango,2006,1.49,Durango,2006-01-01,,,,,,,,,,,,,,
Guanajuato,2006,0.97,Guanajuato,2006-01-01,,,,,,,,,,,,,,
Guerrero,2006,5.69,Guerrero,2006-01-01,,,,,,,,,,,,,,
Hidalgo,2006,0.94,Hidalgo,2006-01-01,,,,,,,,,,,,,,
Jalisco,2006,1.83,Jalisco,2006-01-01,,,,,,,,,,,,,,
México,2006,3.75,Estado de México,2006-01-01,,,,,,,,,,,,,,
Michoacán,2006,3.84,Michoacán,2006-01-01,,,,,,,,,,,,,,
Morelos,2006,2.07,Morelos,2006-01-01,,,,,,,,,,,,,,
Nayarit,2006,2.58,Nayarit,2006-01-01,,,,,,,,,,,,,,
Nuevo León,2006,1.0,Nuevo León,2006-01-01,,,,,,,,,,,,,,
Oaxaca,2006,3.29,Oaxaca,2006-01-01,,,,,,,,,,,,,,
Puebla,2006,1.85,Puebla,2006-01-01,,,,,,,,,,,,,,
Querétaro,2006,1.39,Querétaro,2006-01-01,,,,,,,,,,,,,,
Quintana Roo,2006,2.1,Quintana Roo,2006-01-01,,,,,,,,,,,,,,
San Luis Potosí,2006,1.32,San Luis Potosí,2006-01-01,,,,,,,,,,,,,,
Sinaloa,2006,1.69,Sinaloa,2006-01-01,,,,,,,,,,,,,,
Sonora,2006,2.17,Sonora,2006-01-01,,,,,,,,,,,,,,
Tabasco,2006,1.51,Tabasco,2006-01-01,,,,,,,,,,,,,,
Tamaulipas,2006,3.35,Tamaulipas,2006-01-01,,,,,,,,,,,,,,
Tlaxcala,2006,1.74,Tlaxcala,2006-01-01,,,,,,,,,,,,,,
Veracruz,2006,1.2,Veracruz,2006-01-01,,,,,,,,,,,,,,
Yucatán,2006,0.84,Yucatán,2006-01-01,,,,,,,,,,,,,,
Zacatecas,2006,1.63,Zacatecas,2006-01-01,,,,,,,,,,,,,,
Aguascalientes,2007,1.03,Aguascalientes,2007-01-01,,,,,,,,,,,,,,
Baja California,2007,1.82,Baja California,2007-01-01,,,,,,,,,,,,,,
Baja California Sur,2007,2.52,Baja California Sur,2007-01-01,,,,,,,,,,,,,,
Campeche,2007,1.73,Campeche,2007-01-01,,,,,,,,,,,,,,
Coahuila,2007,1.12,Coahuila,2007-01-01,,,,,,,,,,,,,,
Colima,2007,1.95,Colima,2007-01-01,,,,,,,,,,,,,,
Chiapas,2007,0.55,Chiapas,2007-01-01,,,,,,,,,,,,,,
Chihuahua,2007,2.96,Chihuahua,2007-01-01,,,,,,,,,,,,,,
Ciudad de México,2007,2.71,Ciudad de México,2007-01-01,,,,,,,,,,,,,,
Durango,2007,1.1,Durango,2007-01-01,,,,,,,,,,,,,,
Guanajuato,2007,1.13,Guanajuato,2007-01-01,,,,,,,,,,,,,,
Guerrero,2007,4.55,Guerrero,2007-01-01,,,,,,,,,,,,,,
Hidalgo,2007,0.92,Hidalgo,2007-01-01,,,,,,,,,,,,,,
Jalisco,2007,1.5,Jalisco,2007-01-01,,,,,,,,,,,,,,
México,2007,2.53,Estado de México,2007-01-01,,,,,,,,,,,,,,
Michoacán,2007,2.18,Michoacán,2007-01-01,,,,,,,,,,,,,,
Morelos,2007,1.81,Morelos,2007-01-01,,,,,,,,,,,,,,
Nayarit,2007,2.52,Nayarit,2007-01-01,,,,,,,,,,,,,,
Nuevo León,2007,1.03,Nuevo León,2007-01-01,,,,,,,,,,,,,,
Oaxaca,2007,3.6,Oaxaca,2007-01-01,,,,,,,,,,,,,,
Puebla,2007,1.55,Puebla,2007-01-01,,,,,,,,,,,,,,
Querétaro,2007,1.01,Querétaro,2007-01-01,,,,,,,,,,,,,,
Quintana Roo,2007,3.37,Quintana Roo,2007-01-01,,,,,,,,,,,,,,
San Luis Potosí,2007,1.84,San Luis Potosí,2007-01-01,,,,,,,,,,,,,,
Sinaloa,2007,2.47,Sinaloa,2007-01-01,,,,,,,,,,,,,,
Sonora,2007,2.13,Sonora,2007-01-01,,,,,,,,,,,,,,
Tabasco,2007,1.75,Tabasco,2007-01-01,,,,,,,,,,,,,,
Tamaulipas,2007,1.55,Tamaulipas,2007-01-01,,,,,,,,,,,,,,
Tlaxcala,2007,2.05,Tlaxcala,2007-01-01,,,,,,,,,,,,,,
Veracruz,2007,1.13,Veracruz,2007-01-01,,,,,,,,,,,,,,
Yucatán,2007,1.34,Yucatán,2007-01-01,,,,,,,,,,,,,,
Zacatecas,2007,1.47,Zacatecas,2007-01-01,,,,,,,,,,,,,,
Aguascalientes,2008,1.01,Aguascalientes,2008-01-01,,,,,,,,,,,,,,
Baja California,2008,5.46,Baja California,2008-01-01,,,,,,,,,,,,,,
Baja California Sur,2008,1.03,Baja California Sur,2008-01-01,,,,,,,,,,,,,,
Campeche,2008,1.22,Campeche,2008-01-01,,,,,,,,,,,,,,
Coahuila,2008,1.76,Coahuila,2008-01-01,,,,,,,,,,,,,,
Colima,2008,2.21,Colima,2008-01-01,,,,,,,,,,,,,,
Chiapas,2008,1.37,Chiapas,2008-01-01,,,,,,,,,,,,,,
Chihuahua,2008,10.82,Chihuahua,2008-01-01,,,,,,,,,,,,,,
Ciudad de México,2008,2.81,Ciudad de México,2008-01-01,,,,,,,,,,,,,,
Durango,2008,3.38,Durango,2008-01-01,,,,,,,,,,,,,,
Guanajuato,2008,1.4,Guanajuato,2008-01-01,,,,,,,,,,,,,,
Guerrero,2008,5.41,Guerrero,2008-01-01,,,,,,,,,,,,,,
Hidalgo,2008,1.04,Hidalgo,2008-01-01,,,,,,,,,,,,,,
Jalisco,2008,1.56,Jalisco,2008-01-01,,,,,,,,,,,,,,
México,2008,2.83,Estado de México,2008-01-01,,,,,,,,,,,,,,
Michoacán,2008,3.22,Michoacán,2008-01-01,,,,,,,,,,,,,,
Morelos,2008,2.66,Morelos,2008-01-01,,,,,,,,,,,,,,
Nayarit,2008,2.83,Nayarit,2008-01-01,,,,,,,,,,,,,,
Nuevo León,2008,1.09,Nuevo León,2008-01-01,,,,,,,,,,,,,,
Oaxaca,2008,3.39,Oaxaca,2008-01-01,,,,,,,,,,,,,,
Puebla,2008,1.5,Puebla,2008-01-01,,,,,,,,,,,,,,
Querétaro,2008,1.21,Querétaro,2008-01-01,,,,,,,,,,,,,,
Quintana Roo,2008,3.25,Quintana Roo,2008-01-01,,,,,,,,,,,,,,
San Luis Potosí,2008,1.81,San Luis Potosí,2008-01-01,,,,,,,,,,,,,,
Sinaloa,2008,2.09,Sinaloa,2008-01-01,,,,,,,,,,,,,,
Sonora,2008,3.01,Sonora,2008-01-01,,,,,,,,,,,,,,
Tabasco,2008,2.25,Tabasco,2008-01-01,,,,,,,,,,,,,,
Tamaulipas,2008,2.51,Tamaulipas,2008-01-01,,,,,,,,,,,,,,
Tlaxcala,2008,2.18,Tlaxcala,2008-01-01,,,,,,,,,,,,,,
Veracruz,2008,1.45,Veracruz,2008-01-01,,,,,,,,,,,,,,
Yucatán,2008,0.71,Yucatán,2008-01-01,,,,,,,,,,,,,,
Zacatecas,2008,1.05,Zacatecas,2008-01-01,,,,,,,,,,,,,,
Aguascalientes,2009,1.81,Aguascalientes,2009-01-01,,,,,,,,,,,,,,
Baja California,2009,9.86,Baja California,2009-01-01,,,,,,,,,,,,,,
Baja California Sur,2009,1.97,Baja California Sur,2009-01-01,,,,,,,,,,,,,,
Campeche,2009,1.92,Campeche,2009-01-01,,,,,,,,,,,,,,
Coahuila,2009,1.95,Coahuila,2009-01-01,,,,,,,,,,,,,,
Colima,2009,3.07,Colima,2009-01-01,,,,,,,,,,,,,,
Chiapas,2009,2.64,Chiapas,2009-01-01,,,,,,,,,,,,,,
Chihuahua,2009,13.33,Chihuahua,2009-01-01,,,,,,,,,,,,,,
Ciudad de México,2009,2.23,Ciudad de México,2009-01-01,,,,,,,,,,,,,,
Durango,2009,6.68,Durango,2009-01-01,,,,,,,,,,,,,,
Guanajuato,2009,1.58,Guanajuato,2009-01-01,,,,,,,,,,,,,,
Guerrero,2009,8.74,Guerrero,2009-01-01,,,,,,,,,,,,,,
Hidalgo,2009,1.6,Hidalgo,2009-01-01,,,,,,,,,,,,,,
Jalisco,2009,1.62,Jalisco,2009-01-01,,,,,,,,,,,,,,
México,2009,3.57,Estado de México,2009-01-01,,,,,,,,,,,,,,
Michoacán,2009,3.53,Michoacán,2009-01-01,,,,,,,,,,,,,,
Morelos,2009,2.72,Morelos,2009-01-01,,,,,,,,,,,,,,
Nayarit,2009,3.69,Nayarit,2009-01-01,,,,,,,,,,,,,,
Nuevo León,2009,2.06,Nuevo León,2009-01-01,,,,,,,,,,,,,,
Oaxaca,2009,3.75,Oaxaca,2009-01-01,,,,,,,,,,,,,,
Puebla,2009,1.61,Puebla,2009-01-01,,,,,,,,,,,,,,
Querétaro,2009,1.28,Querétaro,2009-01-01,,,,,,,,,,,,,,
Quintana Roo,2009,1.72,Quintana Roo,2009-01-01,,,,,,,,,,,,,,
San Luis Potosí,2009,2.17,San Luis Potosí,2009-01-01,,,,,,,,,,,,,,
Sinaloa,2009,5.62,Sinaloa,2009-01-01,,,,,,,,,,,,,,
Sonora,2009,4.78,Sonora,2009-01-01,,,,,,,,,,,,,,
Tabasco,2009,2.56,Tabasco,2009-01-01,,,,,,,,,,,,,,
Tamaulipas,2009,4.23,Tamaulipas,2009-01-01,,,,,,,,,,,,,,
Tlaxcala,2009,1.48,Tlaxcala,2009-01-01,,,,,,,,,,,,,,
Veracruz,2009,2.54,Veracruz,2009-01-01,,,,,,,,,,,,,,
Yucatán,2009,0.3,Yucatán,2009-01-01,,,,,,,,,,,,,,
Zacatecas,2009,1.04,Zacatecas,2009-01-01,,,,,,,,,,,,,,
Aguascalientes,2010,1.61,Aguascalientes,2010-01-01,,,,,,,,,,,,,,
Baja California,2010,7.27,Baja California,2010-01-01,,,,,,,,,,,,,,
Baja California Sur,2010,2.85,Baja California Sur,2010-01-01,,,,,,,,,,,,,,
Campeche,2010,2.13,Campeche,2010-01-01,,,,,,,,,,,,,,
Coahuila,2010,4.25,Coahuila,2010-01-01,,,,,,,,,,,,,,
Colima,2010,1.5,Colima,2010-01-01,,,,,,,,,,,,,,
Chiapas,2010,0.88,Chiapas,2010-01-01,,,,,,,,,,,,,,
Chihuahua,2010,33.09,Chihuahua,2010-01-01,,,,,,,,,,,,,,
Ciudad de México,2010,3.07,Ciudad de México,2010-01-01,,,,,,,,,,,,,,
Durango,2010,10.72,Durango,2010-01-01,,,,,,,,,,,,,,
Guanajuato,2010,1.76,Guanajuato,2010-01-01,,,,,,,,,,,,,,
Guerrero,2010,7.12,Guerrero,2010-01-01,,,,,,,,,,,,,,
Hidalgo,2010,1.42,Hidalgo,2010-01-01,,,,,,,,,,,,,,
Jalisco,2010,2.19,Jalisco,2010-01-01,,,,,,,,,,,,,,
México,2010,3.58,Estado de México,2010-01-01,,,,,,,,,,,,,,
Michoacán,2010,2.74,Michoacán,2010-01-01,,,,,,,,,,,,,,
Morelos,2010,4.38,Morelos,2010-01-01,,,,,,,,,,,,,,
Nayarit,2010,8.85,Nayarit,2010-01-01,,,,,,,,,,,,,,
Nuevo León,2010,3.95,Nuevo León,2010-01-01,,,,,,,,,,,,,,
Oaxaca,2010,4.09,Oaxaca,2010-01-01,,,,,,,,,,,,,,
Puebla,2010,1.72,Puebla,2010-01-01,,,,,,,,,,,,,,
Querétaro,2010,0.73,Querétaro,2010-01-01,,,,,,,,,,,,,,
Quintana Roo,2010,4.54,Quintana Roo,2010-01-01,,,,,,,,,,,,,,
San Luis Potosí,2010,2.74,San Luis Potosí,2010-01-01,,,,,,,,,,,,,,
Sinaloa,2010,8.16,Sinaloa,2010-01-01,,,,,,,,,,,,,,
Sonora,2010,3.72,Sonora,2010-01-01,,,,,,,,,,,,,,
Tabasco,2010,1.9,Tabasco,2010-01-01,,,,,,,,,,,,,,
Tamaulipas,2010,6.14,Tamaulipas,2010-01-01,,,,,,,,,,,,,,
Tlaxcala,2010,1.13,Tlaxcala,2010-01-01,,,,,,,,,,,,,,
Veracruz,2010,1.49,Veracruz,2010-01-01,,,,,,,,,,,,,,
Yucatán,2010,0.3,Yucatán,2010-01-01,,,,,,,,,,,,,,
Zacatecas,2010,1.92,Zacatecas,2010-01-01,,,,,,,,,,,,,,
Aguascalientes,2011,2.37,Aguascalientes,2011-01-01,,,,,,,,,,,,,,
Baja California,2011,6.04,Baja California,2011-01-01,,,,,,,,,,,,,,
Baja California Sur,2011,3.07,Baja California Sur,2011-01-01,,,,,,,,,,,,,,
Campeche,2011,2.09,Campeche,2011-01-01,,,,,,,,,,,,,,
Coahuila,2011,4.61,Coahuila,2011-01-01,,,,,,,,,,,,,,
Colima,2011,4.99,Colima,2011-01-01,,,,,,,,,,,,,,
Chiapas,2011,1.01,Chiapas,2011-01-01,,,,,,,,,,,,,,
Chihuahua,2011,24.34,Chihuahua,2011-01-01,,,,,,,,,,,,,,
Ciudad de México,2011,2.96,Ciudad de México,2011-01-01,,,,,,,,,,,,,,
Durango,2011,7.78,Durango,2011-01-01,,,,,,,,,,,,,,
Guanajuato,2011,2.21,Guanajuato,2011-01-01,,,,,,,,,,,,,,
Guerrero,2011,10.31,Guerrero,2011-01-01,,,,,,,,,,,,,,
Hidalgo,2011,1.96,Hidalgo,2011-01-01,,,,,,,,,,,,,,
Jalisco,2011,2.75,Jalisco,2011-01-01,,,,,,,,,,,,,,
México,2011,4.35,Estado de México,2011-01-01,,,,,,,,,,,,,,
Michoacán,2011,3.44,Michoacán,2011-01-01,,,,,,,,,,,,,,
Morelos,2011,4.84,Morelos,2011-01-01,,,,,,,,,,,,,,
Nayarit,2011,9.4,Nayarit,2011-01-01,,,,,,,,,,,,,,
Nuevo León,2011,10.0,Nuevo León,2011-01-01,,,,,,,,,,,,,,
Oaxaca,2011,3.76,Oaxaca,2011-01-01,,,,,,,,,,,,,,
Puebla,2011,2.11,Puebla,2011-01-01,,,,,,,,,,,,,,
Querétaro,2011,1.73,Querétaro,2011-01-01,,,,,,,,,,,,,,
Quintana Roo,2011,3.52,Quintana Roo,2011-01-01,,,,,,,,,,,,,,
San Luis Potosí,2011,3.73,San Luis Potosí,2011-01-01,,,,,,,,,,,,,,
Sinaloa,2011,7.42,Sinaloa,2011-01-01,,,,,,,,,,,,,,
Sonora,2011,3.8,Sonora,2011-01-01,,,,,,,,,,,,,,
Tabasco,2011,1.79,Tabasco,2011-01-01,,,,,,,,,,,,,,
Tamaulipas,2011,4.71,Tamaulipas,2011-01-01,,,,,,,,,,,,,,
Tlaxcala,2011,2.7,Tlaxcala,2011-01-01,,,,,,,,,,,,,,
Veracruz,2011,3.92,Veracruz,2011-01-01,,,,,,,,,,,,,,
Yucatán,2011,0.68,Yucatán,2011-01-01,,,,,,,,,,,,,,
Zacatecas,2011,2.41,Zacatecas,2011-01-01,,,,,,,,,,,,,,
Aguascalientes,2012,1.86,Aguascalientes,2012-01-01,,,,,,,,,,,,,,
Baja California,2012,4.61,Baja California,2012-01-01,,,,,,,,,,,,,,
Baja California Sur,2012,1.2,Baja California Sur,2012-01-01,,,,,,,,,,,,,,
Campeche,2012,3.63,Campeche,2012-01-01,,,,,,,,,,,,,,
Coahuila,2012,9.15,Coahuila,2012-01-01,,,,,,,,,,,,,,
Colima,2012,7.2,Colima,2012-01-01,,,,,,,,,,,,,,
Chiapas,2012,2.49,Chiapas,2012-01-01,,,,,,,,,,,,,,
Chihuahua,2012,14.42,Chihuahua,2012-01-01,,,,,,,,,,,,,,
Ciudad de México,2012,2.67,Ciudad de México,2012-01-01,,,,,,,,,,,,,,
Durango,2012,7.89,Durango,2012-01-01,,,,,,,,,,,,,,
Guanajuato,2012,2.25,Guanajuato,2012-01-01,,,,,,,,,,,,,,
Guerrero,2012,13.28,Guerrero,2012-01-01,,,,,,,,,,,,,,
Hidalgo,2012,2.34,Hidalgo,2012-01-01,,,,,,,,,,,,,,
Jalisco,2012,3.68,Jalisco,2012-01-01,,,,,,,,,,,,,,
México,2012,4.71,Estado de México,2012-01-01,,,,,,,,,,,,,,
Michoacán,2012,3.7,Michoacán,2012-01-01,,,,,,,,,,,,,,
Morelos,2012,6.84,Morelos,2012-01-01,,,,,,,,,,,,,,
Nayarit,2012,3.83,Nayarit,2012-01-01,,,,,,,,,,,,,,
Nuevo León,2012,6.49,Nuevo León,2012-01-01,,,,,,,,,,,,,,
Oaxaca,2012,4.35,Oaxaca,2012-01-01,,,,,,,,,,,,,,
Puebla,2012,1.92,Puebla,2012-01-01,,,,,,,,,,,,,,
Querétaro,2012,1.89,Querétaro,2012-01-01,,,,,,,,,,,,,,
Quintana Roo,2012,4.27,Quintana Roo,2012-01-01,,,,,,,,,,,,,,
San Luis Potosí,2012,3.9,San Luis Potosí,2012-01-01,,,,,,,,,,,,,,
Sinaloa,2012,4.85,Sinaloa,2012-01-01,,,,,,,,,,,,,,
Sonora,2012,3.16,Sonora,2012-01-01,,,,,,,,,,,,,,
Tabasco,2012,1.84,Tabasco,2012-01-01,,,,,,,,,,,,,,
Tamaulipas,2012,10.53,Tamaulipas,2012-01-01,,,,,,,,,,,,,,
Tlaxcala,2012,2.19,Tlaxcala,2012-01-01,,,,,,,,,,,,,,
Veracruz,2012,3.2,Veracruz,2012-01-01,,,,,,,,,,,,,,
Yucatán,2012,0.77,Yucatán,2012-01-01,,,,,,,,,,,,,,
Zacatecas,2012,7.27,Zacatecas,2012-01-01,,,,,,,,,,,,,,
Aguascalientes,2013,1.36,Aguascalientes,2013-01-01,,,,,,,,,,,,,,
Baja California,2013,4.73,Baja California,2013-01-01,,,,,,,,,,,,,,
Baja California Sur,2013,3.8,Baja California Sur,2013-01-01,,,,,,,,,,,,,,
Campeche,2013,3.12,Campeche,2013-01-01,,,,,,,,,,,,,,
Coahuila,2013,6.99,Coahuila,2013-01-01,,,,,,,,,,,,,,
Colima,2013,5.65,Colima,2013-01-01,,,,,,,,,,,,,,
Chiapas,2013,3.01,Chiapas,2013-01-01,,,,,,,,,,,,,,
Chihuahua,2013,9.88,Chihuahua,2013-01-01,,,,,,,,,,,,,,
Ciudad de México,2013,3.0,Ciudad de México,2013-01-01,,,,,,,,,,,,,,
Durango,2013,5.64,Durango,2013-01-01,,,,,,,,,,,,,,
Guanajuato,2013,2.49,Guanajuato,2013-01-01,,,,,,,,,,,,,,
Guerrero,2013,12.44,Guerrero,2013-01-01,,,,,,,,,,,,,,
Hidalgo,2013,2.1,Hidalgo,2013-01-01,,,,,,,,,,,,,,
Jalisco,2013,3.31,Jalisco,2013-01-01,,,,,,,,,,,,,,
México,2013,5.6,Estado de México,2013-01-01,,,,,,,,,,,,,,
Michoacán,2013,4.05,Michoacán,2013-01-01,,,,,,,,,,,,,,
Morelos,2013,6.54,Morelos,2013-01-01,,,,,,,,,,,,,,
Nayarit,2013,3.08,Nayarit,2013-01-01,,,,,,,,,,,,,,
Nuevo León,2013,4.47,Nuevo León,2013-01-01,,,,,,,,,,,,,,
Oaxaca,2013,5.09,Oaxaca,2013-01-01,,,,,,,,,,,,,,
Puebla,2013,3.24,Puebla,2013-01-01,,,,,,,,,,,,,,
Querétaro,2013,2.05,Querétaro,2013-01-01,,,,,,,,,,,,,,
Quintana Roo,2013,3.59,Quintana Roo,2013-01-01,,,,,,,,,,,,,,
San Luis Potosí,2013,2.5,San Luis Potosí,2013-01-01,,,,,,,,,,,,,,
Sinaloa,2013,4.44,Sinaloa,2013-01-01,,,,,,,,,,,,,,
Sonora,2013,3.75,Sonora,2013-01-01,,,,,,,,,,,,,,
Tabasco,2013,2.31,Tabasco,2013-01-01,,,,,,,,,,,,,,
Tamaulipas,2013,5.41,Tamaulipas,2013-01-01,,,,,,,,,,,,,,
Tlaxcala,2013,2.3,Tlaxcala,2013-01-01,,,,,,,,,,,,,,
Veracruz,2013,2.37,Veracruz,2013-01-01,,,,,,,,,,,,,,
Yucatán,2013,1.42,Yucatán,2013-01-01,,,,,,,,,,,,,,
Zacatecas,2013,5.95,Zacatecas,2013-01-01,,,,,,,,,,,,,,
Aguascalientes,2014,0.59,Aguascalientes,2014-01-01,,,,,,,,,,,,,,
Baja California,2014,4.61,Baja California,2014-01-01,,,,,,,,,,,,,,
Baja California Sur,2014,2.85,Baja California Sur,2014-01-01,,,,,,,,,,,,,,
Campeche,2014,2.62,Campeche,2014-01-01,,,,,,,,,,,,,,
Coahuila,2014,3.95,Coahuila,2014-01-01,,,,,,,,,,,,,,
Colima,2014,5.0,Colima,2014-01-01,,,,,,,,,,,,,,
Chiapas,2014,2.37,Chiapas,2014-01-01,,,,,,,,,,,,,,
Chihuahua,2014,9.41,Chihuahua,2014-01-01,,,,,,,,,,,,,,
Ciudad de México,2014,3.0,Ciudad de México,2014-01-01,,,,,,,,,,,,,,
Durango,2014,3.12,Durango,2014-01-01,,,,,,,,,,,,,,
Guanajuato,2014,2.27,Guanajuato,2014-01-01,,,,,,,,,,,,,,
Guerrero,2014,9.86,Guerrero,2014-01-01,,,,,,,,,,,,,,
Hidalgo,2014,2.67,Hidalgo,2014-01-01,,,,,,,,,,,,,,
Jalisco,2014,2.75,Jalisco,2014-01-01,,,,,,,,,,,,,,
México,2014,4.34,Estado de México,2014-01-01,,,,,,,,,,,,,,
Michoacán,2014,3.68,Michoacán,2014-01-01,,,,,,,,,,,,,,
Morelos,2014,5.04,Morelos,2014-01-01,,,,,,,,,,,,,,
Nayarit,2014,4.22,Nayarit,2014-01-01,,,,,,,,,,,,,,
Nuevo León,2014,2.91,Nuevo León,2014-01-01,,,,,,,,,,,,,,
Oaxaca,2014,6.62,Oaxaca,2014-01-01,,,,,,,,,,,,,,
Puebla,2014,2.86,Puebla,2014-01-01,,,,,,,,,,,,,,
Querétaro,2014,1.82,Querétaro,2014-01-01,,,,,,,,,,,,,,
Quintana Roo,2014,2.96,Quintana Roo,2014-01-01,,,,,,,,,,,,,,
San Luis Potosí,2014,2.98,San Luis Potosí,2014-01-01,,,,,,,,,,,,,,
Sinaloa,2014,5.98,Sinaloa,2014-01-01,,,,,,,,,,,,,,
Sonora,2014,4.04,Sonora,2014-01-01,,,,,,,,,,,,,,
Tabasco,2014,2.2,Tabasco,2014-01-01,,,,,,,,,,,,,,
Tamaulipas,2014,7.41,Tamaulipas,2014-01-01,,,,,,,,,,,,,,
Tlaxcala,2014,3.93,Tlaxcala,2014-01-01,,,,,,,,,,,,,,
Veracruz,2014,2.3,Veracruz,2014-01-01,,,,,,,,,,,,,,
Yucatán,2014,0.75,Yucatán,2014-01-01,,,,,,,,,,,,,,
Zacatecas,2014,2.95,Zacatecas,2014-01-01,,,,,,,,,,,,,,
Aguascalientes,2015,1.02,Aguascalientes,2015-01-01,,,,,,,,,,,,,,
Baja California,2015,6.48,Baja California,2015-01-01,,,,,,,,,,,,,,
Baja California Sur,2015,6.42,Baja California Sur,2015-01-01,,,,,,,,,,,,,,
Campeche,2015,1.94,Campeche,2015-01-01,,,,,,,,,,,,,,
Coahuila,2015,4.03,Coahuila,2015-01-01,,,,,,,,,,,,,,
Colima,2015,7.13,Colima,2015-01-01,,,,,,,,,,,,,,
Chiapas,2015,2.51,Chiapas,2015-01-01,,,,,,,,,,,,,,
Chihuahua,2015,7.08,Chihuahua,2015-01-01,,,,,,,,,,,,,,
Ciudad de México,2015,2.85,Ciudad de México,2015-01-01,,,,,,,,,,,,,,
Durango,2015,0.88,Durango,2015-01-01,,,,,,,,,,,,,,
Guanajuato,2015,3.45,Guanajuato,2015-01-01,,,,,,,,,,,,,,
Guerrero,2015,11.42,Guerrero,2015-01-01,,,,,,,,,,,,,,
Hidalgo,2015,3.3,Hidalgo,2015-01-01,,,,,,,,,,,,,,
Jalisco,2015,3.51,Jalisco,2015-01-01,,,,,,,,,,,,,,
México,2015,4.72,Estado de México,2015-01-01,,,,,,,,,,,,,,
Michoacán,2015,3.49,Michoacán,2015-01-01,,,,,,,,,,,,,,
Morelos,2015,4.69,Morelos,2015-01-01,,,,,,,,,,,,,,
Nayarit,2015,2.0,Nayarit,2015-01-01,,,,,,,,,,,,,,
Nuevo León,2015,2.09,Nuevo León,2015-01-01,,,,,,,,,,,,,,
Oaxaca,2015,4.35,Oaxaca,2015-01-01,,,,,,,,,,,,,,
Puebla,2015,2.71,Puebla,2015-01-01,,,,,,,,,,,,,,
Querétaro,2015,2.05,Querétaro,2015-01-01,,,,,,,,,,,,,,
Quintana Roo,2015,2.86,Quintana Roo,2015-01-01,,,,,,,,,,,,,,
San Luis Potosí,2015,2.81,San Luis Potosí,2015-01-01,,,,,,,,,,,,,,
Sinaloa,2015,3.36,Sinaloa,2015-01-01,,,,,,,,,,,,,,
Sonora,2015,4.27,Sonora,2015-01-01,,,,,,,,,,,,,,
Tabasco,2015,2.66,Tabasco,2015-01-01,,,,,,,,,,,,,,
Tamaulipas,2015,4.64,Tamaulipas,2015-01-01,,,,,,,,,,,,,,
Tlaxcala,2015,1.79,Tlaxcala,2015-01-01,,,,,,,,,,,,,,
Veracruz,2015,2.55,Veracruz,2015-01-01,,,,,,,,,,,,,,
Yucatán,2015,0.83,Yucatán,2015-01-01,,,,,,,,,,,,,,
Zacatecas,2015,2.56,Zacatecas,2015-01-01,,,,,,,,,,,,,,
Aguascalientes,2016,0.72,Aguascalientes,2016-01-01,,,,,,,,,,,,,,
Baja California,2016,7.61,Baja California,2016-01-01,,,,,,,,,,,,,,
Baja California Sur,2016,3.28,Baja California Sur,2016-01-01,,,,,,,,,,,,,,
Campeche,2016,2.36,Campeche,2016-01-01,,,,,,,,,,,,,,
Coahuila,2016,2.48,Coahuila,2016-01-01,,,,,,,,,,,,,,
Colima,2016,16.89,Colima,2016-01-01,,,,,,,,,,,,,,
Chiapas,2016,2.81,Chiapas,2016-01-01,,,,,,,,,,,,,,
Chihuahua,2016,9.45,Chihuahua,2016-01-01,,,,,,,,,,,,,,
Ciudad de México,2016,3.02,Ciudad de México,2016-01-01,,,,,,,,,,,,,,
Durango,2016,1.42,Durango,2016-01-01,,,,,,,,,,,,,,
Guanajuato,2016,4.16,Guanajuato,2016-01-01,,,,,,,,,,,,,,
Guerrero,2016,13.28,Guerrero,2016-01-01,,,,,,,,,,,,,,
Hidalgo,2016,2.8,Hidalgo,2016-01-01,,,,,,,,,,,,,,
Jalisco,2016,3.37,Jalisco,2016-01-01,,,,,,,,,,,,,,
México,2016,4.97,Estado de México,2016-01-01,,,,,,,,,,,,,,
Michoacán,2016,5.41,Michoacán,2016-01-01,,,,,,,,,,,,,,
Morelos,2016,8.82,Morelos,2016-01-01,,,,,,,,,,,,,,
Nayarit,2016,3.79,Nayarit,2016-01-01,,,,,,,,,,,,,,
Nuevo León,2016,2.97,Nuevo León,2016-01-01,,,,,,,,,,,,,,
Oaxaca,2016,5.45,Oaxaca,2016-01-01,,,,,,,,,,,,,,
Puebla,2016,3.04,Puebla,2016-01-01,,,,,,,,,,,,,,
Querétaro,2016,1.45,Querétaro,2016-01-01,,,,,,,,,,,,,,
Quintana Roo,2016,3.49,Quintana Roo,2016-01-01,,,,,,,,,,,,,,
San Luis Potosí,2016,2.23,San Luis Potosí,2016-01-01,,,,,,,,,,,,,,
Sinaloa,2016,5.57,Sinaloa,2016-01-01,,,,,,,,,,,,,,
Sonora,2016,3.63,Sonora,2016-01-01,,,,,,,,,,,,,,
Tabasco,2016,4.03,Tabasco,2016-01-01,,,,,,,,,,,,,,
Tamaulipas,2016,7.09,Tamaulipas,2016-01-01,,,,,,,,,,,,,,
Tlaxcala,2016,1.62,Tlaxcala,2016-01-01,,,,,,,,,,,,,,
Veracruz,2016,3.35,Veracruz,2016-01-01,,,,,,,,,,,,,,
Yucatán,2016,0.81,Yucatán,2016-01-01,,,,,,,,,,,,,,
Zacatecas,2016,9.58,Zacatecas,2016-01-01,,,,,,,,,,,,,,
Aguascalientes,2017,0.99,Aguascalientes,2017-01-01,,,,,,,,,,,,,,
Baja California,2017,11.37,Baja California,2017-01-01,,,,,,,,,,,,,,
Baja California Sur,2017,21.38,Baja California Sur,2017-01-01,,,,,,,,,,,,,,
Campeche,2017,1.28,Campeche,2017-01-01,,,,,,,,,,,,,,
Coahuila,2017,2.26,Coahuila,2017-01-01,,,,,,,,,,,,,,
Colima,2017,20.04,Colima,2017-01-01,,,,,,,,,,,,,,
Chiapas,2017,2.31,Chiapas,2017-01-01,,,,,,,,,,,,,,
Chihuahua,2017,13.13,Chihuahua,2017-01-01,,,,,,,,,,,,,,
Ciudad de México,2017,2.95,Ciudad de México,2017-01-01,,,,,,,,,,,,,,
Durango,2017,2.93,Durango,2017-01-01,,,,,,,,,,,,,,
Guanajuato,2017,6.97,Guanajuato,2017-01-01,,,,,,,,,,,,,,
Guerrero,2017,11.36,Guerrero,2017-01-01,,,,,,,,,,,,,,
Hidalgo,2017,3.53,Hidalgo,2017-01-01,,,,,,,,,,,,,,
Jalisco,2017,3.52,Jalisco,2017-01-01,,,,,,,,,,,,,,
México,2017,5.44,Estado de México,2017-01-01,,,,,,,,,,,,,,
Michoacán,2017,6.12,Michoacán,2017-01-01,,,,,,,,,,,,,,
Morelos,2017,7.68,Morelos,2017-01-01,,,,,,,,,,,,,,
Nayarit,2017,11.12,Nayarit,2017-01-01,,,,,,,,,,,,,,
Nuevo León,2017,2.36,Nuevo León,2017-01-01,,,,,,,,,,,,,,
Oaxaca,2017,5.74,Oaxaca,2017-01-01,,,,,,,,,,,,,,
Puebla,2017,4.14,Puebla,2017-01-01,,,,,,,,,,,,,,
Querétaro,2017,3.08,Querétaro,2017-01-01,,,,,,,,,,,,,,
Quintana Roo,2017,5.49,Quintana Roo,2017-01-01,,,,,,,,,,,,,,
San Luis Potosí,2017,3.54,San Luis Potosí,2017-01-01,,,,,,,,,,,,,,
Sinaloa,2017,5.48,Sinaloa,2017-01-01,,,,,,,,,,,,,,
Sonora,2017,4.22,Sonora,2017-01-01,,,,,,,,,,,,,,
Tabasco,2017,3.54,Tabasco,2017-01-01,,,,,,,,,,,,,,
Tamaulipas,2017,7.89,Tamaulipas,2017-01-01,,,,,,,,,,,,,,
Tlaxcala,2017,2.92,Tlaxcala,2017-01-01,,,,,,,,,,,,,,
Veracruz,2017,4.65,Veracruz,2017-01-01,,,,,,,,,,,,,,
Yucatán,2017,1.15,Yucatán,2017-01-01,,,,,,,,,,,,,,
Zacatecas,2017,11.59,Zacatecas,2017-01-01,,,,,,,,,,,,,,
Aguascalientes,2018,1.11,Aguascalientes,2018-01-01,,,,,,,,,,,,,,
Baja California,2018,15.22,Baja California,2018-01-01,,,,,,,,,,,,,,
Baja California Sur,2018,6.28,Baja California Sur,2018-01-01,,,,,,,,,,,,,,
Campeche,2018,2.55,Campeche,2018-01-01,,,,,,,,,,,,,,
Coahuila,2018,1.6,Coahuila,2018-01-01,,,,,,,,,,,,,,
Colima,2018,26.37,Colima,2018-01-01,,,,,,,,,,,,,,
Chiapas,2018,1.62,Chiapas,2018-01-01,,,,,,,,,,,,,,
Chihuahua,2018,13.79,Chihuahua,2018-01-01,,,,,,,,,,,,,,
Ciudad de México,2018,2.85,Ciudad de México,2018-01-01,,,,,,,,,,,,,,
Durango,2018,2.16,Durango,2018-01-01,,,,,,,,,,,,,,
Guanajuato,2018,11.31,Guanajuato,2018-01-01,,,,,,,,,,,,,,
Guerrero,2018,12.22,Guerrero,2018-01-01,,,,,,,,,,,,,,
Hidalgo,2018,2.98,Hidalgo,2018-01-01,,,,,,,,,,,,,,
Jalisco,2018,6.28,Jalisco,2018-01-01,,,,,,,,,,,,,,
México,2018,5.38,Estado de México,2018-01-01,,,,,,,,,,,,,,
Michoacán,2018,7.4,Michoacán,2018-01-01,,,,,,,,,,,,,,
Morelos,2018,8.03,Morelos,2018-01-01,,,,,,,,,,,,,,
Nayarit,2018,5.99,Nayarit,2018-01-01,,,,,,,,,,,,,,
Nuevo León,2018,3.19,Nuevo León,2018-01-01,,,,,,,,,,,,,,
Oaxaca,2018,5.7,Oaxaca,2018-01-01,,,,,,,,,,,,,,
Puebla,2018,3.77,Puebla,2018-01-01,,,,,,,,,,,,,,
Querétaro,2018,2.65,Querétaro,2018-01-01,,,,,,,,,,,,,,
Quintana Roo,2018,10.07,Quintana Roo,2018-01-01,,,,,,,,,,,,,,
San Luis Potosí,2018,3.79,San Luis Potosí,2018-01-01,,,,,,,,,,,,,,
Sinaloa,2018,2.99,Sinaloa,2018-01-01,,,,,,,,,,,,,,
Sonora,2018,4.4,Sonora,2018-01-01,,,,,,,,,,,,,,
Tabasco,2018,3.94,Tabasco,2018-01-01,,,,,,,,,,,,,,
Tamaulipas,2018,6.34,Tamaulipas,2018-01-01,,,,,,,,,,,,,,
Tlaxcala,2018,2.75,Tlaxcala,2018-01-01,,,,,,,,,,,,,,
Veracruz,2018,3.26,Veracruz,2018-01-01,,,,,,,,,,,,,,
Yucatán,2018,0.78,Yucatán,2018-01-01,,,,,,,,,,,,,,
Zacatecas,2018,11.3,Zacatecas,2018-01-01,,,,,,,,,,,,,,
Aguascalientes,2019,0.96,Aguascalientes,2019-01-01,,,,,,,,,,,,,,
Baja California,2019,14.07,Baja California,2019-01-01,,,,,,,,,,,,,,
Baja California Sur,2019,3.33,Baja California Sur,2019-01-01,,,,,,,,,,,,,,
Campeche,2019,2.11,Campeche,2019-01-01,,,,,,,,,,,,,,
Coahuila,2019,2.84,Coahuila,2019-01-01,,,,,,,,,,,,,,
Colima,2019,21.65,Colima,2019-01-01,,,,,,,,,,,,,,
Chiapas,2019,2.47,Chiapas,2019-01-01,,,,,,,,,,,,,,
Chihuahua,2019,14.38,Chihuahua,2019-01-01,,,,,,,,,,,,,,
Ciudad de México,2019,2.98,Ciudad de México,2019-01-01,,,,,,,,,,,,,,
Durango,2019,2.25,Durango,2019-01-01,,,,,,,,,,,,,,
Guanajuato,2019,13.28,Guanajuato,2019-01-01,,,,,,,,,,,,,,
Guerrero,2019,10.14,Guerrero,2019-01-01,,,,,,,,,,,,,,
Hidalgo,2019,4.0,Hidalgo,2019-01-01,,,,,,,,,,,,,,
Jalisco,2019,6.09,Jalisco,2019-01-01,,,,,,,,,,,,,,
México,2019,5.24,Estado de México,2019-01-01,,,,,,,,,,,,,,
Michoacán,2019,7.68,Michoacán,2019-01-01,,,,,,,,,,,,,,
Morelos,2019,9.54,Morelos,2019-01-01,,,,,,,,,,,,,,
Nayarit,2019,3.21,Nayarit,2019-01-01,,,,,,,,,,,,,,
Nuevo León,2019,3.39,Nuevo León,2019-01-01,,,,,,,,,,,,,,
Oaxaca,2019,6.3,Oaxaca,2019-01-01,,,,,,,,,,,,,,
Puebla,2019,3.61,Puebla,2019-01-01,,,,,,,,,,,,,,
Querétaro,2019,2.08,Querétaro,2019-01-01,,,,,,,,,,,,,,
Quintana Roo,2019,7.91,Quintana Roo,2019-01-01,,,,,,,,,,,,,,
San Luis Potosí,2019,3.29,San Luis Potosí,2019-01-01,,,,,,,,,,,,,,
Sinaloa,2019,3.75,Sinaloa,2019-01-01,,,,,,,,,,,,,,
Sonora,2019,7.94,Sonora,2019-01-01,,,,,,,,,,,,,,
Tabasco,2019,6.19,Tabasco,2019-01-01,,,,,,,,,,,,,,
Tamaulipas,2019,6.09,Tamaulipas,2019-01-01,,,,,,,,,,,,,,
Tlaxcala,2019,3.58,Tlaxcala,2019-01-01,,,,,,,,,,,,,,
Veracruz,2019,3.83,Veracruz,2019-01-01,,,,,,,,,,,,,,
Yucatán,2019,0.34,Yucatán,2019-01-01,,,,,,,,,,,,,,
Zacatecas,2019,8.97,Zacatecas,2019-01-01,,,,,,,,,,,,,,
Aguascalientes,2020,0.94,Aguascalientes,2020-01-01,,,,,,,,,,,,,,
Baja California,2020,15.56,Baja California,2020-01-01,,,,,,,,,,,,,,
Baja California Sur,2020,1.25,Baja California Sur,2020-01-01,,,,,,,,,,,,,,
Campeche,2020,1.47,Campeche,2020-01-01,,,,,,,,,,,,,,
Coahuila,2020,2.06,Coahuila,2020-01-01,,,,,,,,,,,,,,
Colima,2020,24.18,Colima,2020-01-01,,,,,,,,,,,,,,
Chiapas,2020,2.61,Chiapas,2020-01-01,,,,,,,,,,,,,,
Chihuahua,2020,18.78,Chihuahua,2020-01-01,,,,,,,,,,,,,,
Ciudad de México,2020,2.9,Ciudad de México,2020-01-01,,,,,,,,,,,,,,
Durango,2020,1.71,Durango,2020-01-01,,,,,,,,,,,,,,
Guanajuato,2020,19.83,Guanajuato,2020-01-01,,,,,,,,,,,,,,
Guerrero,2020,7.89,Guerrero,2020-01-01,,,,,,,,,,,,,,
Hidalgo,2020,2.59,Hidalgo,2020-01-01,,,,,,,,,,,,,,
Jalisco,2020,5.89,Jalisco,2020-01-01,,,,,,,,,,,,,,
México,2020,4.81,Estado de México,2020-01-01,,,,,,,,,,,,,,
Michoacán,2020,10.06,Michoacán,2020-01-01,,,,,,,,,,,,,,
Morelos,2020,8.03,Morelos,2020-01-01,,,,,,,,,,,,,,
Nayarit,2020,3.49,Nayarit,2020-01-01,,,,,,,,,,,,,,
Nuevo León,2020,3.09,Nuevo León,2020-01-01,,,,,,,,,,,,,,
Oaxaca,2020,5.12,Oaxaca,2020-01-01,,,,,,,,,,,,,,
Puebla,2020,3.19,Puebla,2020-01-01,,,,,,,,,,,,,,
Querétaro,2020,2.03,Querétaro,2020-01-01,,,,,,,,,,,,,,
Quintana Roo,2020,7.24,Quintana Roo,2020-01-01,,,,,,,,,,,,,,
San Luis Potosí,2020,4.08,San Luis Potosí,2020-01-01,,,,,,,,,,,,,,
Sinaloa,2020,2.45,Sinaloa,2020-01-01,,,,,,,,,,,,,,
Sonora,2020,6.15,Sonora,2020-01-01,,,,,,,,,,,,,,
Tabasco,2020,4.42,Tabasco,2020-01-01,,,,,,,,,,,,,,
Tamaulipas,2020,3.96,Tamaulipas,2020-01-01,,,,,,,,,,,,,,
Tlaxcala,2020,3.83,Tlaxcala,2020-01-01,,,,,,,,,,,,,,
Veracruz,2020,3.21,Veracruz,2020-01-01,,,,,,,,,,,,,,
Yucatán,2020,1.08,Yucatán,2020-01-01,,,,,,,,,,,,,,
Zacatecas,2020,14.27,Zacatecas,2020-01-01,,,,,,,,,,,,,,
Aguascalientes,2021,1.46,Aguascalientes,2021-01-01,,,,,,,,,,,,,,
Baja California,2021,17.81,Baja California,2021-01-01,,,,,,,,,,,,,,
Baja California Sur,2021,1.96,Baja California Sur,2021-01-01,,,,,,,,,,,,,,
Campeche,2021,2.72,Campeche,2021-01-01,,,,,,,,,,,,,,
Coahuila,2021,1.48,Coahuila,2021-01-01,,,,,,,,,,,,,,
Colima,2021,12.7,Colima,2021-01-01,,,,,,,,,,,,,,
Chiapas,2021,2.23,Chiapas,2021-01-01,,,,,,,,,,,,,,
Chihuahua,2021,16.79,Chihuahua,2021-01-01,,,,,,,,,,,,,,
Ciudad de México,2021,2.65,Ciudad de México,2021-01-01,,,,,,,,,,,,,,
Durango,2021,1.17,Durango,2021-01-01,,,,,,,,,,,,,,
Guanajuato,2021,15.93,Guanajuato,2021-01-01,,,,,,,,,,,,,,
Guerrero,2021,7.99,Guerrero,2021-01-01,,,,,,,,,,,,,,
Hidalgo,2021,2.68,Hidalgo,2021-01-01,,,,,,,,,,,,,,
Jalisco,2021,5.75,Jalisco,2021-01-01,,,,,,,,,,,,,,
México,2021,4.89,Estado de México,2021-01-01,,,,,,,,,,,,,,
Michoacán,2021,10.87,Michoacán,2021-01-01,,,,,,,,,,,,,,
Morelos,2021,9.35,Morelos,2021-01-01,,,,,,,,,,,,,,
Nayarit,2021,4.4,Nayarit,2021-01-01,,,,,,,,,,,,,,
Nuevo León,2021,3.45,Nuevo León,2021-01-01,,,,,,,,,,,,,,
Oaxaca,2021,3.68,Oaxaca,2021-01-01,,,,,,,,,,,,,,
Puebla,2021,3.14,Puebla,2021-01-01,,,,,,,,,,,,,,
Querétaro,2021,2.15,Querétaro,2021-01-01,,,,,,,,,,,,,,
Quintana Roo,2021,7.82,Quintana Roo,2021-01-01,,,,,,,,,,,,,,
San Luis Potosí,2021,5.74,San Luis Potosí,2021-01-01,,,,,,,,,,,,,,
Sinaloa,2021,2.3,Sinaloa,2021-01-01,,,,,,,,,,,,,,
Sonora,2021,10.02,Sonora,2021-01-01,,,,,,,,,,,,,,
Tabasco,2021,3.69,Tabasco,2021-01-01,,,,,,,,,,,,,,
Tamaulipas,2021,3.49,Tamaulipas,2021-01-01,,,,,,,,,,,,,,
Tlaxcala,2021,4.08,Tlaxcala,2021-01-01,,,,,,,,,,,,,,
Veracruz,2021,2.51,Veracruz,2021-01-01,,,,,,,,,,,,,,
Yucatán,2021,0.66,Yucatán,2021-01-01,,,,,,,,,,,,,,
Zacatecas,2021,19.74,Zacatecas,2021-01-01,,,,,,,,,,,,,,
Aguascalientes,2022,1.71,Aguascalientes,2022-01-01,,,,,,,,,,,,,,
Baja California,2022,15.96,Baja California,2022-01-01,,,,,,,,,,,,,,
Baja California Sur,2022,1.92,Baja California Sur,2022-01-01,,,,,,,,,,,,,,
Campeche,2022,2.5,Campeche,2022-01-01,,,,,,,,,,,,,,
Coahuila,2022,1.22,Coahuila,2022-01-01,,,,,,,,,,,,,,
Colima,2022,25.53,Colima,2022-01-01,,,,,,,,,,,,,,
Chiapas,2022,2.1,Chiapas,2022-01-01,,,,,,,,,,,,,,
Chihuahua,2022,12.11,Chihuahua,2022-01-01,,,,,,,,,,,,,,
Ciudad de México,2022,2.18,Ciudad de México,2022-01-01,,,,,,,,,,,,,,
Durango,2022,2.52,Durango,2022-01-01,,,,,,,,,,,,,,
Guanajuato,2022,17.02,Guanajuato,2022-01-01,,,,,,,,,,,,,,
Guerrero,2022,6.97,Guerrero,2022-01-01,,,,,,,,,,,,,,
Hidalgo,2022,3.38,Hidalgo,2022-01-01,,,,,,,,,,,,,,
Jalisco,2022,4.61,Jalisco,2022-01-01,,,,,,,,,,,,,,
México,2022,5.51,Estado de México,2022-01-01,,,,,,,,,,,,,,
Michoacán,2022,9.87,Michoacán,2022-01-01,,,,,,,,,,,,,,
Morelos,2022,10.93,Morelos,2022-01-01,,,,,,,,,,,,,,
Nayarit,2022,2.02,Nayarit,2022-01-01,,,,,,,,,,,,,,
Nuevo León,2022,5.2,Nuevo León,2022-01-01,,,,,,,,,,,,,,
Oaxaca,2022,5.6,Oaxaca,2022-01-01,,,,,,,,,,,,,,
Puebla,2022,3.36,Puebla,2022-01-01,,,,,,,,,,,,,,
Querétaro,2022,2.11,Querétaro,2022-01-01,,,,,,,,,,,,,,
Quintana Roo,2022,6.12,Quintana Roo,2022-01-01,,,,,,,,,,,,,,
San Luis Potosí,2022,4.16,San Luis Potosí,2022-01-01,,,,,,,,,,,,,,
Sinaloa,2022,2.29,Sinaloa,2022-01-01,,,,,,,,,,,,,,
Sonora,2022,9.94,Sonora,2022-01-01,,,,,,,,,,,,,,
Tabasco,2022,3.36,Tabasco,2022-01-01,,,,,,,,,,,,,,
Tamaulipas,2022,2.87,Tamaulipas,2022-01-01,,,,,,,,,,,,,,
Tlaxcala,2022,2.36,Tlaxcala,2022-01-01,,,,,,,,,,,,,,
Veracruz,2022,2.46,Veracruz,2022-01-01,,,,,,,,,,,,,,
Yucatán,2022,0.65,Yucatán,2022-01-01,,,,,,,,,,,,,,
Zacatecas,2022,19.12,Zacatecas,2022-01-01,,,,,,,,,,,,,,
Aguascalientes,2023,1.69,Aguascalientes,2023-01-01,,,,,,,,,,,,,,
Baja California,2023,13.86,Baja California,2023-01-01,,,,,,,,,,,,,,
Baja California Sur,2023,1.18,Baja California Sur,2023-01-01,,,,,,,,,,,,,,
Campeche,2023,3.1,Campeche,2023-01-01,,,,,,,,,,,,,,
Coahuila,2023,0.9,Coahuila,2023-01-01,,,,,,,,,,,,,,
Colima,2023,32.94,Colima,2023-01-01,,,,,,,,,,,,,,
Chiapas,2023,2.1,Chiapas,2023-01-01,,,,,,,,,,,,,,
Chihuahua,2023,12.98,Chihuahua,2023-01-01,,,,,,,,,,,,,,
Ciudad de México,2023,1.87,Ciudad de México,2023-01-01,,,,,,,,,,,,,,
Durango,2023,1.46,Durango,2023-01-01,,,,,,,,,,,,,,
Guanajuato,2023,16.12,Guanajuato,2023-01-01,,,,,,,,,,,,,,
Guerrero,2023,8.19,Guerrero,2023-01-01,,,,,,,,,,,,,,
Hidalgo,2023,2.86,Hidalgo,2023-01-01,,,,,,,,,,,,,,
Jalisco,2023,3.34,Jalisco,2023-01-01,,,,,,,,,,,,,,
México,2023,4.5,Estado de México,2023-01-01,,,,,,,,,,,,,,
Michoacán,2023,6.98,Michoacán,2023-01-01,,,,,,,,,,,,,,
Morelos,2023,14.96,Morelos,2023-01-01,,,,,,,,,,,,,,
Nayarit,2023,2.61,Nayarit,2023-01-01,,,,,,,,,,,,,,
Nuevo León,2023,5.05,Nuevo León,2023-01-01,,,,,,,,,,,,,,
Oaxaca,2023,4.13,Oaxaca,2023-01-01,,,,,,,,,,,,,,
Puebla,2023,2.85,Puebla,2023-01-01,,,,,,,,,,,,,,
Querétaro,2023,2.3,Querétaro,2023-01-01,,,,,,,,,,,,,,
Quintana Roo,2023,6.69,Quintana Roo,2023-01-01,,,,,,,,,,,,,,
San Luis Potosí,2023,3.52,San Luis Potosí,2023-01-01,,,,,,,,,,,,,,
Sinaloa,2023,2.9,Sinaloa,2023-01-01,,,,,,,,,,,,,,
Sonora,2023,9.14,Sonora,2023-01-01,,,,,,,,,,,,,,
Tabasco,2023,2.31,Tabasco,2023-01-01,,,,,,,,,,,,,,
Tamaulipas,2023,2.79,Tamaulipas,2023-01-01,,,,,,,,,,,,,,
Tlaxcala,2023,2.33,Tlaxcala,2023-01-01,,,,,,,,,,,,,,
Veracruz,2023,2.08,Veracruz,2023-01-01,,,,,,,,,,,,,,
Yucatán,2023,0.72,Yucatán,2023-01-01,,,,,,,,,,,,,,
Zacatecas,2023,13.14,Zacatecas,2023-01-01,,,,,,,,,,,,,,
